<?xml version="1.0" encoding="utf-8"?>
<Stateflow>
  <machine id="8">
    <P Name="sfVersion">80000056</P>
    <Children>
      <target id="36" name="sfun">
        <P Name="description">Default Simulink S-Function Target.</P>
      </target>
      <chart Ref="chart_9"/>
      <chart Ref="chart_18"/>
      <chart Ref="chart_27"/>
    </Children>
  </machine>
  <instance id="17">
    <P Name="machine">8</P>
    <P Name="name">Simulink Function/MATLAB Function1</P>
    <P Name="chart">9</P>
  </instance>
  <instance id="26">
    <P Name="machine">8</P>
    <P Name="name">Simulink Function/MATLAB Function</P>
    <P Name="chart">18</P>
  </instance>
  <instance id="35">
    <P Name="machine">8</P>
    <P Name="name">Simulink Function/MATLAB Function2</P>
    <P Name="chart">27</P>
  </instance>
</Stateflow>
