<?xml version="1.0" encoding="utf-8"?>
<System>
  <P Name="Location">[-1, -7, 1707, 913]</P>
  <Block BlockType="TriggerPort" Name="MeasurmentFcn" SID="28">
    <PortCounts/>
    <P Name="Position">[90, -80, 110, -60]</P>
    <P Name="ZOrder">-2</P>
    <P Name="ForegroundColor">teal</P>
    <P Name="TriggerType">function-call</P>
    <P Name="IsSimulinkFunction">on</P>
    <P Name="FunctionName">MeasurmentFcn</P>
    <P Name="FunctionVisibility">scoped</P>
    <P Name="VariantControl">(inherit)</P>
    <P Name="StatesWhenEnabling">held</P>
  </Block>
  <Block BlockType="Sum" Name="Add" SID="48">
    <PortCounts in="2" out="1"/>
    <P Name="Position">[445, 212, 475, 243]</P>
    <P Name="ZOrder">371</P>
    <P Name="IconShape">rectangular</P>
  </Block>
  <Block BlockType="Constant" Name="Constant" SID="32">
    <P Name="Position">[-65, -10, 215, 80]</P>
    <P Name="ZOrder">1</P>
    <P Name="Value">[cos(theta) sin(theta) -wf/2*cos(theta);cos(theta) sin(theta) wf/2*cos(theta);1 0 -wr/2;1 0 wr/2]</P>
  </Block>
  <Block BlockType="Constant" Name="Constant1" SID="46">
    <P Name="Position">[30, 100, 215, 180]</P>
    <P Name="ZOrder">369</P>
    <P Name="Value">[0 0 a*sin(theta);0 0 a*sin(theta);0 0 0;0 0 0]</P>
  </Block>
  <Block BlockType="Product" Name="Matrix Multiply" SID="47">
    <PortCounts in="2" out="1"/>
    <P Name="Position">[315, 199, 370, 241]</P>
    <P Name="ZOrder">370</P>
    <P Name="Multiplication">Matrix(*)</P>
  </Block>
  <Block BlockType="Sum" Name="Sum" SID="45">
    <PortCounts in="2" out="1"/>
    <P Name="Position">[255, 25, 275, 45]</P>
    <P Name="ZOrder">368</P>
    <P Name="Inputs">|++</P>
  </Block>
  <Block BlockType="ArgIn" Name="x" SID="29">
    <P Name="Position">[145, 220, 185, 240]</P>
    <P Name="ZOrder">-4</P>
    <P Name="ShowName">off</P>
    <P Name="DisableCoverage">on</P>
    <P Name="PortDimensions">3</P>
    <P Name="ArgumentName">x</P>
  </Block>
  <Block BlockType="ArgIn" Name="v" SID="31">
    <P Name="Position">[145, 325, 185, 345]</P>
    <P Name="ZOrder">-6</P>
    <P Name="ShowName">off</P>
    <P Name="Port">2</P>
    <P Name="PortDimensions">4</P>
    <P Name="ArgumentName">v</P>
  </Block>
  <Block BlockType="ArgOut" Name="y" SID="30">
    <P Name="Position">[530, 220, 570, 240]</P>
    <P Name="ZOrder">-5</P>
    <P Name="ShowName">off</P>
    <P Name="DisableCoverage">on</P>
    <P Name="PortDimensions">4</P>
    <P Name="ArgumentName">y</P>
  </Block>
  <Line>
    <P Name="ZOrder">2</P>
    <P Name="Src">32#out:1</P>
    <P Name="Dst">45#in:1</P>
  </Line>
  <Line>
    <P Name="ZOrder">3</P>
    <P Name="Src">46#out:1</P>
    <P Name="Points">[45, 0]</P>
    <P Name="Dst">45#in:2</P>
  </Line>
  <Line>
    <P Name="ZOrder">4</P>
    <P Name="Src">45#out:1</P>
    <P Name="Points">[13, 0; 0, 175]</P>
    <P Name="Dst">47#in:1</P>
  </Line>
  <Line>
    <P Name="ZOrder">5</P>
    <P Name="Src">29#out:1</P>
    <P Name="Dst">47#in:2</P>
  </Line>
  <Line>
    <P Name="ZOrder">6</P>
    <P Name="Src">47#out:1</P>
    <P Name="Dst">48#in:1</P>
  </Line>
  <Line>
    <P Name="ZOrder">7</P>
    <P Name="Src">31#out:1</P>
    <P Name="Points">[218, 0; 0, -100]</P>
    <P Name="Dst">48#in:2</P>
  </Line>
  <Line>
    <P Name="ZOrder">8</P>
    <P Name="Src">48#out:1</P>
    <P Name="Dst">30#in:1</P>
  </Line>
</System>
