<?xml version="1.0" encoding="utf-8"?>
<System>
  <P Name="Location">[-1, -7, 1707, 913]</P>
  <P Name="Open">on</P>
  <Block BlockType="TriggerPort" Name="stateTransitionFcn" SID="3">
    <PortCounts/>
    <P Name="Position">[95, -25, 115, -5]</P>
    <P Name="ZOrder">-2</P>
    <P Name="ForegroundColor">teal</P>
    <P Name="TriggerType">function-call</P>
    <P Name="IsSimulinkFunction">on</P>
    <P Name="FunctionName">stateTransitionFcn</P>
    <P Name="FunctionVisibility">scoped</P>
    <P Name="VariantControl">(inherit)</P>
    <P Name="StatesWhenEnabling">held</P>
  </Block>
  <Block BlockType="Sum" Name="Add" SID="26">
    <PortCounts in="2" out="1"/>
    <P Name="Position">[720, 467, 750, 498]</P>
    <P Name="ZOrder">364</P>
    <P Name="IconShape">rectangular</P>
  </Block>
  <Block BlockType="Constant" Name="G" SID="22">
    <P Name="Position">[240, 365, 355, 475]</P>
    <P Name="ZOrder">302</P>
    <P Name="Value">[Ts 0 0;0 Ts 0;0 0 1]</P>
  </Block>
  <Block BlockType="SubSystem" Name="MATLAB Function" SID="18">
    <PortCounts in="3" out="1"/>
    <P Name="Position">[485, -49, 555, -1]</P>
    <P Name="ZOrder">298</P>
    <P Name="LibrarySourceBlock">simulink/User-Defined
Functions/MATLAB Function</P>
    <P Name="ErrorFcn">Stateflow.Translate.translate</P>
    <P Name="PermitHierarchicalResolution">ExplicitOnly</P>
    <P Name="TreatAsAtomicUnit">on</P>
    <P Name="SFBlockType">MATLAB Function</P>
    <P Name="ContentPreviewEnabled">on</P>
    <PortProperties>
      <Port Type="out" Index="1">
        <P Name="PropagatedSignals">y</P>
      </Port>
    </PortProperties>
    <System Ref="system_18"/>
  </Block>
  <Block BlockType="SubSystem" Name="MATLAB Function1" SID="19">
    <PortCounts in="3" out="1"/>
    <P Name="Position">[485, 86, 555, 134]</P>
    <P Name="ZOrder">299</P>
    <P Name="LibrarySourceBlock">simulink/User-Defined
Functions/MATLAB Function</P>
    <P Name="ErrorFcn">Stateflow.Translate.translate</P>
    <P Name="PermitHierarchicalResolution">ExplicitOnly</P>
    <P Name="TreatAsAtomicUnit">on</P>
    <P Name="SFBlockType">MATLAB Function</P>
    <P Name="ContentPreviewEnabled">on</P>
    <PortProperties>
      <Port Type="out" Index="1">
        <P Name="PropagatedSignals">y</P>
      </Port>
    </PortProperties>
    <System Ref="system_19"/>
  </Block>
  <Block BlockType="SubSystem" Name="MATLAB Function2" SID="20">
    <PortCounts in="3" out="1"/>
    <P Name="Position">[485, 221, 555, 269]</P>
    <P Name="ZOrder">300</P>
    <P Name="LibrarySourceBlock">simulink/User-Defined
Functions/MATLAB Function</P>
    <P Name="ErrorFcn">Stateflow.Translate.translate</P>
    <P Name="PermitHierarchicalResolution">ExplicitOnly</P>
    <P Name="TreatAsAtomicUnit">on</P>
    <P Name="SFBlockType">MATLAB Function</P>
    <P Name="ContentPreviewEnabled">on</P>
    <PortProperties>
      <Port Type="out" Index="1">
        <P Name="PropagatedSignals">y</P>
      </Port>
    </PortProperties>
    <System Ref="system_20"/>
  </Block>
  <Block BlockType="Product" Name="Matrix Multiply" SID="25">
    <PortCounts in="2" out="1"/>
    <P Name="Position">[415, 469, 470, 511]</P>
    <P Name="ZOrder">363</P>
    <P Name="Multiplication">Matrix(*)</P>
  </Block>
  <Block BlockType="Mux" Name="Mux" SID="21">
    <PortCounts in="3" out="1"/>
    <P Name="Position">[645, 58, 650, 162]</P>
    <P Name="ZOrder">301</P>
    <P Name="Inputs">3</P>
    <P Name="DisplayOption">bar</P>
  </Block>
  <Block BlockType="Selector" Name="Selector-x1" SID="11">
    <PortCounts in="1" out="1"/>
    <P Name="Position">[280, -69, 365, 9]</P>
    <P Name="ZOrder">291</P>
    <P Name="InputPortWidth">3</P>
    <P Name="IndexOptions">Index vector (dialog)</P>
    <P Name="Indices">[1]</P>
    <P Name="OutputSizes">1</P>
  </Block>
  <Block BlockType="Selector" Name="Selector1-x2" SID="12">
    <PortCounts in="1" out="1"/>
    <P Name="Position">[280, 71, 365, 149]</P>
    <P Name="ZOrder">292</P>
    <P Name="InputPortWidth">3</P>
    <P Name="IndexOptions">Index vector (dialog)</P>
    <P Name="Indices">[2]</P>
    <P Name="OutputSizes">1</P>
  </Block>
  <Block BlockType="Selector" Name="Selector2-x3" SID="13">
    <PortCounts in="1" out="1"/>
    <P Name="Position">[280, 211, 365, 289]</P>
    <P Name="ZOrder">293</P>
    <P Name="InputPortWidth">3</P>
    <P Name="IndexOptions">Index vector (dialog)</P>
    <P Name="Indices">[3]</P>
    <P Name="OutputSizes">1</P>
  </Block>
  <Block BlockType="ArgIn" Name="x" SID="4">
    <P Name="Position">[140, 100, 180, 120]</P>
    <P Name="ZOrder">-4</P>
    <P Name="ShowName">off</P>
    <P Name="DisableCoverage">on</P>
    <P Name="PortDimensions">3</P>
    <P Name="ArgumentName">x</P>
  </Block>
  <Block BlockType="ArgIn" Name="u" SID="6">
    <P Name="Position">[150, 490, 190, 510]</P>
    <P Name="ZOrder">-6</P>
    <P Name="ShowName">off</P>
    <P Name="Port">2</P>
    <P Name="PortDimensions">3</P>
    <P Name="ArgumentName">u</P>
  </Block>
  <Block BlockType="ArgOut" Name="xNext" SID="5">
    <P Name="Position">[805, 100, 845, 120]</P>
    <P Name="ZOrder">-5</P>
    <P Name="ShowName">off</P>
    <P Name="DisableCoverage">on</P>
    <P Name="PortDimensions">3</P>
    <P Name="ArgumentName">xNext</P>
  </Block>
  <Line>
    <P Name="ZOrder">3</P>
    <P Name="Src">4#out:1</P>
    <P Name="Points">[43, 0]</P>
    <Branch>
      <P Name="ZOrder">5</P>
      <P Name="Points">[0, 140]</P>
      <P Name="Dst">13#in:1</P>
    </Branch>
    <Branch>
      <P Name="ZOrder">8</P>
      <P Name="Dst">12#in:1</P>
    </Branch>
    <Branch>
      <P Name="ZOrder">4</P>
      <P Name="Points">[0, -140]</P>
      <P Name="Dst">11#in:1</P>
    </Branch>
  </Line>
  <Line>
    <P Name="ZOrder">10</P>
    <P Name="Src">11#out:1</P>
    <P Name="Points">[55, 0]</P>
    <Branch>
      <P Name="ZOrder">22</P>
      <P Name="Points">[0, 260]</P>
      <P Name="Dst">20#in:1</P>
    </Branch>
    <Branch>
      <P Name="ZOrder">21</P>
      <P Name="Points">[0, -10; 45, 0]</P>
      <Branch>
        <P Name="ZOrder">14</P>
        <P Name="Dst">19#in:1</P>
      </Branch>
      <Branch>
        <P Name="ZOrder">13</P>
        <P Name="Dst">18#in:1</P>
      </Branch>
    </Branch>
  </Line>
  <Line>
    <P Name="ZOrder">11</P>
    <P Name="Src">12#out:1</P>
    <P Name="Points">[85, 0]</P>
    <Branch>
      <P Name="ZOrder">16</P>
      <P Name="Dst">19#in:2</P>
    </Branch>
    <Branch>
      <P Name="ZOrder">15</P>
      <P Name="Points">[0, -135]</P>
      <P Name="Dst">18#in:2</P>
    </Branch>
    <Branch>
      <P Name="ZOrder">31</P>
      <P Name="Points">[0, 135]</P>
      <P Name="Dst">20#in:2</P>
    </Branch>
  </Line>
  <Line>
    <P Name="ZOrder">12</P>
    <P Name="Src">13#out:1</P>
    <P Name="Points">[40, 0]</P>
    <Branch>
      <P Name="ZOrder">33</P>
      <P Name="Points">[0, 10]</P>
      <P Name="Dst">20#in:3</P>
    </Branch>
    <Branch>
      <P Name="ZOrder">32</P>
      <P Name="Points">[0, -125]</P>
      <Branch>
        <P Name="ZOrder">23</P>
        <P Name="Points">[0, -135]</P>
        <P Name="Dst">18#in:3</P>
      </Branch>
      <Branch>
        <P Name="ZOrder">20</P>
        <P Name="Dst">19#in:3</P>
      </Branch>
    </Branch>
  </Line>
  <Line>
    <P Name="ZOrder">34</P>
    <P Name="Src">18#out:1</P>
    <P Name="Points">[35, 0; 0, 100]</P>
    <P Name="Dst">21#in:1</P>
  </Line>
  <Line>
    <P Name="ZOrder">35</P>
    <P Name="Src">19#out:1</P>
    <P Name="Dst">21#in:2</P>
  </Line>
  <Line>
    <P Name="ZOrder">36</P>
    <P Name="Src">20#out:1</P>
    <P Name="Points">[35, 0; 0, -100]</P>
    <P Name="Dst">21#in:3</P>
  </Line>
  <Line>
    <P Name="ZOrder">39</P>
    <P Name="Src">22#out:1</P>
    <P Name="Points">[20, 0; 0, 60]</P>
    <P Name="Dst">25#in:1</P>
  </Line>
  <Line>
    <P Name="ZOrder">42</P>
    <P Name="Src">25#out:1</P>
    <P Name="Dst">26#in:2</P>
  </Line>
  <Line>
    <P Name="ZOrder">43</P>
    <P Name="Src">21#out:1</P>
    <P Name="Points">[30, 0; 0, 365]</P>
    <P Name="Dst">26#in:1</P>
  </Line>
  <Line>
    <P Name="ZOrder">44</P>
    <P Name="Src">26#out:1</P>
    <P Name="Points">[23, 0; 0, -375]</P>
    <P Name="Dst">5#in:1</P>
  </Line>
  <Line>
    <P Name="ZOrder">51</P>
    <P Name="Src">6#out:1</P>
    <P Name="Dst">25#in:2</P>
  </Line>
</System>
