<?xml version="1.0" encoding="utf-8"?>
<System>
  <P Name="Location">[-1, -7, 1707, 913]</P>
  <P Name="Open">on</P>
  <P Name="ReportName">simulink-default.rpt</P>
  <P Name="SIDHighWatermark">197</P>
  <Block BlockType="Reference" Name="Band-Limited&#xA;White Noise" SID="64">
    <PortCounts out="1"/>
    <P Name="Position">[390, 275, 420, 305]</P>
    <P Name="ZOrder">550</P>
    <P Name="LibraryVersion">4.1</P>
    <P Name="SourceBlock">simulink/Sources/Band-Limited
White Noise</P>
    <P Name="SourceType">Band-Limited White Noise.</P>
    <InstanceData>
      <P Name="RTWMemSecFuncInitTerm">Inherit from model</P>
      <P Name="RTWMemSecFuncExecute">Inherit from model</P>
      <P Name="RTWMemSecDataConstants">Inherit from model</P>
      <P Name="RTWMemSecDataInternal">Inherit from model</P>
      <P Name="RTWMemSecDataParameters">Inherit from model</P>
      <P Name="ContentPreviewEnabled">on</P>
      <P Name="Cov">5e-3</P>
      <P Name="Ts">0.05</P>
      <P Name="seed">[23341;23342;23343;23344]</P>
      <P Name="VectorParams1D">on</P>
    </InstanceData>
  </Block>
  <Block BlockType="Constant" Name="Constant" SID="196">
    <P Name="Position">[95, 70, 125, 100]</P>
    <P Name="ZOrder">590</P>
  </Block>
  <Block BlockType="Constant" Name="Constant1" SID="92">
    <P Name="Position">[30, 380, 60, 410]</P>
    <P Name="ZOrder">578</P>
    <P Name="Value">0</P>
  </Block>
  <Block BlockType="Constant" Name="Constant2" SID="93">
    <P Name="Position">[30, 330, 60, 360]</P>
    <P Name="ZOrder">579</P>
    <P Name="Value">0</P>
  </Block>
  <Block BlockType="Reference" Name="Extended Kalman Filter" SID="1">
    <PortCounts in="1" out="1"/>
    <P Name="Position">[710, 158, 910, 382]</P>
    <P Name="ZOrder">546</P>
    <P Name="LibrarySourceBlock">slident/Estimators/Extended Kalman Filter</P>
    <P Name="LibraryVersion">6.0</P>
    <P Name="SourceBlock">sharedTrackingLibrary/Extended Kalman Filter</P>
    <P Name="SourceType">Extended Kalman Filter</P>
    <InstanceData>
      <P Name="RTWMemSecFuncInitTerm">Inherit from model</P>
      <P Name="RTWMemSecFuncExecute">Inherit from model</P>
      <P Name="RTWMemSecDataConstants">Inherit from model</P>
      <P Name="RTWMemSecDataInternal">Inherit from model</P>
      <P Name="RTWMemSecDataParameters">Inherit from model</P>
      <P Name="ContentPreviewEnabled">on</P>
      <P Name="StateTransitionFcn">stateTransitionFcn</P>
      <P Name="HasStateTransitionJacobianFcn">off</P>
      <P Name="HasAdditiveProcessNoise">Nonadditive</P>
      <P Name="ProcessNoise">[0.02 0 0;0 0.02 0;0 0 0.005]</P>
      <P Name="HasTimeVaryingProcessNoise">off</P>
      <P Name="HasStateTransitionFcnExtraArgument">0</P>
      <P Name="InitialState">[0; 0; 0]</P>
      <P Name="InitialStateCovariance">1</P>
      <P Name="MeasurementFcn1">MeasurmentFcn</P>
      <P Name="HasMeasurementJacobianFcn1">off</P>
      <P Name="HasMeasurementEnablePort1">off</P>
      <P Name="HasAdditiveMeasurementNoise1">Nonadditive</P>
      <P Name="MeasurementNoise1">[0.005 0 0 0;0 0.005 0 0;0 0 0.005 0;0 0 0 0.005]</P>
      <P Name="HasTimeVaryingMeasurementNoise1">off</P>
      <P Name="HasMeasurementFcnExtraArgument1">0</P>
      <P Name="HasMeasurementWrapping1">off</P>
      <P Name="MeasurementFcn2">myMeasurementFcn</P>
      <P Name="HasMeasurementJacobianFcn2">off</P>
      <P Name="HasMeasurementEnablePort2">off</P>
      <P Name="HasAdditiveMeasurementNoise2">Additive</P>
      <P Name="MeasurementNoise2">1</P>
      <P Name="HasTimeVaryingMeasurementNoise2">off</P>
      <P Name="HasMeasurementFcnExtraArgument2">0</P>
      <P Name="HasMeasurementWrapping2">off</P>
      <P Name="MeasurementFcn3">myMeasurementFcn</P>
      <P Name="HasMeasurementJacobianFcn3">off</P>
      <P Name="HasMeasurementEnablePort3">off</P>
      <P Name="HasAdditiveMeasurementNoise3">Additive</P>
      <P Name="MeasurementNoise3">1</P>
      <P Name="HasTimeVaryingMeasurementNoise3">off</P>
      <P Name="HasMeasurementFcnExtraArgument3">0</P>
      <P Name="HasMeasurementWrapping3">off</P>
      <P Name="MeasurementFcn4">myMeasurementFcn</P>
      <P Name="HasMeasurementJacobianFcn4">off</P>
      <P Name="HasMeasurementEnablePort4">off</P>
      <P Name="HasAdditiveMeasurementNoise4">Additive</P>
      <P Name="MeasurementNoise4">1</P>
      <P Name="HasTimeVaryingMeasurementNoise4">off</P>
      <P Name="HasMeasurementFcnExtraArgument4">0</P>
      <P Name="HasMeasurementWrapping4">off</P>
      <P Name="MeasurementFcn5">myMeasurementFcn</P>
      <P Name="HasMeasurementJacobianFcn5">off</P>
      <P Name="HasMeasurementEnablePort5">off</P>
      <P Name="HasAdditiveMeasurementNoise5">Additive</P>
      <P Name="MeasurementNoise5">1</P>
      <P Name="HasTimeVaryingMeasurementNoise5">off</P>
      <P Name="HasMeasurementFcnExtraArgument5">0</P>
      <P Name="HasMeasurementWrapping5">off</P>
      <P Name="EnableMultirate">off</P>
      <P Name="StateTransitionFcnSampleTime">1</P>
      <P Name="MeasurementFcn1SampleTime">1</P>
      <P Name="MeasurementFcn2SampleTime">1</P>
      <P Name="MeasurementFcn3SampleTime">1</P>
      <P Name="MeasurementFcn4SampleTime">1</P>
      <P Name="MeasurementFcn5SampleTime">1</P>
      <P Name="UseCurrentEstimator">on</P>
      <P Name="OutputStateCovariance">off</P>
      <P Name="DataType">double</P>
      <P Name="SampleTime">0.05</P>
      <P Name="NumberOfMeasurements">1</P>
    </InstanceData>
  </Block>
  <Block BlockType="From" Name="From" SID="195">
    <P Name="Position">[220, 71, 260, 99]</P>
    <P Name="ZOrder">592</P>
  </Block>
  <Block BlockType="FunctionCaller" Name="Function Caller" SID="67">
    <PortCounts in="2" out="1"/>
    <P Name="Position">[490, 230, 630, 310]</P>
    <P Name="ZOrder">553</P>
    <P Name="FunctionPrototype">y = MeasurmentFcn(x,v)</P>
    <P Name="InputArgumentSpecifications">zeros(3,1), zeros(4,1)</P>
    <P Name="OutputArgumentSpecifications">zeros(4,1)</P>
  </Block>
  <Block BlockType="Goto" Name="Goto" SID="194">
    <P Name="Position">[160, 70, 200, 100]</P>
    <P Name="ZOrder">588</P>
  </Block>
  <Block BlockType="Mux" Name="Mux" SID="83">
    <PortCounts in="3" out="1"/>
    <P Name="Position">[250, 306, 255, 384]</P>
    <P Name="ZOrder">569</P>
    <P Name="Inputs">3</P>
    <P Name="DisplayOption">bar</P>
  </Block>
  <Block BlockType="Mux" Name="Mux1" SID="186">
    <PortCounts in="2" out="1"/>
    <P Name="Position">[1140, 366, 1145, 404]</P>
    <P Name="ZOrder">586</P>
    <P Name="Inputs">2</P>
    <P Name="DisplayOption">bar</P>
  </Block>
  <Block BlockType="RateTransition" Name="Rate Transition" SID="91">
    <P Name="Position">[110, 249, 150, 291]</P>
    <P Name="ZOrder">577</P>
    <P Name="OutPortSampleTime">0.05</P>
  </Block>
  <Block BlockType="RateTransition" Name="Rate Transition1" SID="183">
    <P Name="Position">[110, 324, 150, 366]</P>
    <P Name="ZOrder">583</P>
    <P Name="OutPortSampleTime">0.05</P>
  </Block>
  <Block BlockType="RateTransition" Name="Rate Transition2" SID="184">
    <P Name="Position">[110, 374, 150, 416]</P>
    <P Name="ZOrder">584</P>
    <P Name="OutPortSampleTime">0.05</P>
  </Block>
  <Block BlockType="Scope" Name="Scope" SID="74">
    <PortCounts in="1"/>
    <P Name="Position">[1200, 444, 1230, 476]</P>
    <P Name="ZOrder">560</P>
    <P Name="ScopeSpecificationString">Simulink.scopes.TimeScopeBlockCfg(&apos;CurrentConfiguration&apos;, extmgr.ConfigurationSet(extmgr.Configuration(&apos;Core&apos;,&apos;General UI&apos;,true),extmgr.Configuration(&apos;Core&apos;,&apos;Source UI&apos;,true),extmgr.Configuration(&apos;Sources&apos;,&apos;WiredSimulink&apos;,true),extmgr.Configuration(&apos;Visuals&apos;,&apos;Time Domain&apos;,true,&apos;SerializedDisplays&apos;,{struct(&apos;MinYLimReal&apos;,&apos;-1.24999&apos;,&apos;MaxYLimReal&apos;,&apos;1.24999&apos;,&apos;YLabelReal&apos;,&apos;&apos;,&apos;MinYLimMag&apos;,&apos;0.00000&apos;,&apos;MaxYLimMag&apos;,&apos;1.24999&apos;,&apos;LegendVisibility&apos;,&apos;off&apos;,&apos;XGrid&apos;,true,&apos;YGrid&apos;,true,&apos;PlotMagPhase&apos;,false,&apos;AxesColor&apos;,[0 0 0],&apos;AxesTickColor&apos;,[0.686274509803922 0.686274509803922 0.686274509803922],&apos;ColorOrder&apos;,[1 1 0.0666666666666667;0.0745098039215686 0.623529411764706 1;1 0.411764705882353 0.16078431372549;0.392156862745098 0.831372549019608 0.0745098039215686;0.717647058823529 0.274509803921569 1;0.0588235294117647 1 1;1 0.0745098039215686 0.650980392156863],&apos;Title&apos;,&apos;%&lt;SignalLabel&gt;&apos;,&apos;LinePropertiesCache&apos;,{{struct(&apos;Marker&apos;,&apos;o&apos;,&apos;MarkerSize&apos;,8)}},&apos;UserDefinedChannelNames&apos;,{{}},&apos;NumLines&apos;,1,&apos;LineNames&apos;,{{&apos;Selector-x1&apos;}},&apos;ShowContent&apos;,true,&apos;Placement&apos;,1)},&apos;DisplayPropertyDefaults&apos;,struct(&apos;MinYLimReal&apos;,&apos;-1.24999&apos;,&apos;MaxYLimReal&apos;,&apos;1.24999&apos;,&apos;YLabelReal&apos;,&apos;&apos;,&apos;MinYLimMag&apos;,&apos;0.00000&apos;,&apos;MaxYLimMag&apos;,&apos;1.24999&apos;,&apos;LegendVisibility&apos;,&apos;off&apos;,&apos;XGrid&apos;,true,&apos;YGrid&apos;,true,&apos;PlotMagPhase&apos;,false,&apos;AxesColor&apos;,[0 0 0],&apos;AxesTickColor&apos;,[0.686274509803922 0.686274509803922 0.686274509803922],&apos;ColorOrder&apos;,[0.0745098039215686 0.623529411764706 1;1 0.411764705882353 0.16078431372549;1 1 0.0666666666666667;0.717647058823529 0.274509803921569 1;0.392156862745098 0.831372549019608 0.0745098039215686;0.0588235294117647 1 1;1 0.0745098039215686 0.650980392156863])),extmgr.Configuration(&apos;Tools&apos;,&apos;Plot Navigation&apos;,true),extmgr.Configuration(&apos;Tools&apos;,&apos;Measurements&apos;,true,&apos;Version&apos;,&apos;2023a&apos;)),&apos;Version&apos;,&apos;2023a&apos;,&apos;Position&apos;,[671 276.333333333333 560.666666666667 420])</P>
    <P Name="NumInputPorts">1</P>
    <P Name="Floating">off</P>
  </Block>
  <Block BlockType="Scope" Name="Scope1" SID="75">
    <PortCounts in="1"/>
    <P Name="Position">[1175, 229, 1205, 311]</P>
    <P Name="ZOrder">561</P>
    <P Name="ScopeSpecificationString">Simulink.scopes.TimeScopeBlockCfg(&apos;CurrentConfiguration&apos;, extmgr.ConfigurationSet(extmgr.Configuration(&apos;Core&apos;,&apos;General UI&apos;,true),extmgr.Configuration(&apos;Core&apos;,&apos;Source UI&apos;,true),extmgr.Configuration(&apos;Sources&apos;,&apos;WiredSimulink&apos;,true,&apos;DataLoggingVariableName&apos;,&apos;ScopeData1&apos;),extmgr.Configuration(&apos;Visuals&apos;,&apos;Time Domain&apos;,true,&apos;SerializedDisplays&apos;,{struct(&apos;MinYLimReal&apos;,&apos;-1.28564&apos;,&apos;MaxYLimReal&apos;,&apos;1.33044&apos;,&apos;YLabelReal&apos;,&apos;&apos;,&apos;MinYLimMag&apos;,&apos;0.00000&apos;,&apos;MaxYLimMag&apos;,&apos;1.33044&apos;,&apos;LegendVisibility&apos;,&apos;off&apos;,&apos;XGrid&apos;,true,&apos;YGrid&apos;,true,&apos;PlotMagPhase&apos;,false,&apos;AxesColor&apos;,[0 0 0],&apos;AxesTickColor&apos;,[0.686274509803922 0.686274509803922 0.686274509803922],&apos;ColorOrder&apos;,[1 1 0.0666666666666667;0.0745098039215686 0.623529411764706 1;1 0.411764705882353 0.16078431372549;0.392156862745098 0.831372549019608 0.0745098039215686;0.717647058823529 0.274509803921569 1;0.0588235294117647 1 1;1 0.0745098039215686 0.650980392156863],&apos;Title&apos;,&apos;%&lt;SignalLabel&gt;&apos;,&apos;LinePropertiesCache&apos;,{{}},&apos;UserDefinedChannelNames&apos;,{{}},&apos;NumLines&apos;,1,&apos;LineNames&apos;,{{&apos;Selector-x2&apos;}},&apos;ShowContent&apos;,true,&apos;Placement&apos;,1)},&apos;DisplayPropertyDefaults&apos;,struct(&apos;MinYLimReal&apos;,&apos;-1.28564&apos;,&apos;MaxYLimReal&apos;,&apos;1.33044&apos;,&apos;YLabelReal&apos;,&apos;&apos;,&apos;MinYLimMag&apos;,&apos;0.00000&apos;,&apos;MaxYLimMag&apos;,&apos;1.33044&apos;,&apos;LegendVisibility&apos;,&apos;off&apos;,&apos;XGrid&apos;,true,&apos;YGrid&apos;,true,&apos;PlotMagPhase&apos;,false,&apos;AxesColor&apos;,[0 0 0],&apos;AxesTickColor&apos;,[0.686274509803922 0.686274509803922 0.686274509803922],&apos;ColorOrder&apos;,[0.0745098039215686 0.623529411764706 1;1 0.411764705882353 0.16078431372549;1 1 0.0666666666666667;0.717647058823529 0.274509803921569 1;0.392156862745098 0.831372549019608 0.0745098039215686;0.0588235294117647 1 1;1 0.0745098039215686 0.650980392156863])),extmgr.Configuration(&apos;Tools&apos;,&apos;Plot Navigation&apos;,true),extmgr.Configuration(&apos;Tools&apos;,&apos;Measurements&apos;,true,&apos;Version&apos;,&apos;2023a&apos;)),&apos;Version&apos;,&apos;2023a&apos;,&apos;Position&apos;,[573.333333333333 269.666666666667 560 420])</P>
    <P Name="NumInputPorts">1</P>
    <P Name="Floating">off</P>
  </Block>
  <Block BlockType="Scope" Name="Scope2" SID="90">
    <PortCounts in="1"/>
    <P Name="Position">[340, 204, 370, 236]</P>
    <P Name="ZOrder">576</P>
    <P Name="ScopeSpecificationString">Simulink.scopes.TimeScopeBlockCfg(&apos;CurrentConfiguration&apos;, extmgr.ConfigurationSet(extmgr.Configuration(&apos;Core&apos;,&apos;General UI&apos;,true),extmgr.Configuration(&apos;Core&apos;,&apos;Source UI&apos;,true),extmgr.Configuration(&apos;Sources&apos;,&apos;WiredSimulink&apos;,true,&apos;DataLoggingVariableName&apos;,&apos;ScopeData1&apos;),extmgr.Configuration(&apos;Visuals&apos;,&apos;Time Domain&apos;,true,&apos;SerializedDisplays&apos;,{struct(&apos;MinYLimReal&apos;,&apos;-1.00000&apos;,&apos;MaxYLimReal&apos;,&apos;1.00000&apos;,&apos;YLabelReal&apos;,&apos;&apos;,&apos;MinYLimMag&apos;,&apos;0.00000&apos;,&apos;MaxYLimMag&apos;,&apos;1.00000&apos;,&apos;LegendVisibility&apos;,&apos;off&apos;,&apos;XGrid&apos;,true,&apos;YGrid&apos;,true,&apos;PlotMagPhase&apos;,false,&apos;AxesColor&apos;,[0 0 0],&apos;AxesTickColor&apos;,[0.686274509803922 0.686274509803922 0.686274509803922],&apos;ColorOrder&apos;,[1 1 0.0666666666666667;0.0745098039215686 0.623529411764706 1;1 0.411764705882353 0.16078431372549;0.392156862745098 0.831372549019608 0.0745098039215686;0.717647058823529 0.274509803921569 1;0.0588235294117647 1 1;1 0.0745098039215686 0.650980392156863],&apos;Title&apos;,&apos;%&lt;SignalLabel&gt;&apos;,&apos;LinePropertiesCache&apos;,{{struct(&apos;Marker&apos;,&apos;o&apos;,&apos;MarkerSize&apos;,8)}},&apos;UserDefinedChannelNames&apos;,{{}},&apos;NumLines&apos;,1,&apos;LineNames&apos;,{{&apos;Selector-x3&apos;}},&apos;ShowContent&apos;,true,&apos;Placement&apos;,1)},&apos;DisplayPropertyDefaults&apos;,struct(&apos;MinYLimReal&apos;,&apos;-1.00000&apos;,&apos;MaxYLimReal&apos;,&apos;1.00000&apos;,&apos;YLabelReal&apos;,&apos;&apos;,&apos;MinYLimMag&apos;,&apos;0.00000&apos;,&apos;MaxYLimMag&apos;,&apos;1.00000&apos;,&apos;LegendVisibility&apos;,&apos;off&apos;,&apos;XGrid&apos;,true,&apos;YGrid&apos;,true,&apos;PlotMagPhase&apos;,false,&apos;AxesColor&apos;,[0 0 0],&apos;AxesTickColor&apos;,[0.686274509803922 0.686274509803922 0.686274509803922],&apos;ColorOrder&apos;,[0.0745098039215686 0.623529411764706 1;1 0.411764705882353 0.16078431372549;1 1 0.0666666666666667;0.717647058823529 0.274509803921569 1;0.392156862745098 0.831372549019608 0.0745098039215686;0.0588235294117647 1 1;1 0.0745098039215686 0.650980392156863])),extmgr.Configuration(&apos;Tools&apos;,&apos;Plot Navigation&apos;,true),extmgr.Configuration(&apos;Tools&apos;,&apos;Measurements&apos;,true,&apos;Version&apos;,&apos;2023a&apos;)),&apos;Version&apos;,&apos;2023a&apos;,&apos;Position&apos;,[573.333333333333 269.666666666667 560 420])</P>
    <P Name="NumInputPorts">1</P>
    <P Name="Floating">off</P>
  </Block>
  <Block BlockType="Scope" Name="Scope3" SID="187">
    <PortCounts in="1"/>
    <P Name="Position">[1200, 354, 1230, 386]</P>
    <P Name="ZOrder">587</P>
    <P Name="ScopeSpecificationString">Simulink.scopes.TimeScopeBlockCfg(&apos;CurrentConfiguration&apos;, extmgr.ConfigurationSet(extmgr.Configuration(&apos;Core&apos;,&apos;General UI&apos;,true),extmgr.Configuration(&apos;Core&apos;,&apos;Source UI&apos;,true),extmgr.Configuration(&apos;Sources&apos;,&apos;WiredSimulink&apos;,true,&apos;DataLoggingVariableName&apos;,&apos;ScopeData2&apos;),extmgr.Configuration(&apos;Visuals&apos;,&apos;Time Domain&apos;,true,&apos;SerializedDisplays&apos;,{struct(&apos;MinYLimReal&apos;,&apos;-1.28564&apos;,&apos;MaxYLimReal&apos;,&apos;1.33044&apos;,&apos;YLabelReal&apos;,&apos;&apos;,&apos;MinYLimMag&apos;,&apos;0.00000&apos;,&apos;MaxYLimMag&apos;,&apos;1.33044&apos;,&apos;LegendVisibility&apos;,&apos;off&apos;,&apos;XGrid&apos;,true,&apos;YGrid&apos;,true,&apos;PlotMagPhase&apos;,false,&apos;AxesColor&apos;,[0 0 0],&apos;AxesTickColor&apos;,[0.686274509803922 0.686274509803922 0.686274509803922],&apos;ColorOrder&apos;,[1 1 0.0666666666666667;0.0745098039215686 0.623529411764706 1;1 0.411764705882353 0.16078431372549;0.392156862745098 0.831372549019608 0.0745098039215686;0.717647058823529 0.274509803921569 1;0.0588235294117647 1 1;1 0.0745098039215686 0.650980392156863],&apos;Title&apos;,&apos;%&lt;SignalLabel&gt;&apos;,&apos;LinePropertiesCache&apos;,{{}},&apos;UserDefinedChannelNames&apos;,{{}},&apos;NumLines&apos;,2,&apos;LineNames&apos;,{{&apos;Selector-x2&apos;,&apos;Selector-x1&apos;}},&apos;ShowContent&apos;,true,&apos;Placement&apos;,1)},&apos;DisplayPropertyDefaults&apos;,struct(&apos;MinYLimReal&apos;,&apos;-1.28564&apos;,&apos;MaxYLimReal&apos;,&apos;1.33044&apos;,&apos;YLabelReal&apos;,&apos;&apos;,&apos;MinYLimMag&apos;,&apos;0.00000&apos;,&apos;MaxYLimMag&apos;,&apos;1.33044&apos;,&apos;LegendVisibility&apos;,&apos;off&apos;,&apos;XGrid&apos;,true,&apos;YGrid&apos;,true,&apos;PlotMagPhase&apos;,false,&apos;AxesColor&apos;,[0 0 0],&apos;AxesTickColor&apos;,[0.686274509803922 0.686274509803922 0.686274509803922],&apos;ColorOrder&apos;,[0.0745098039215686 0.623529411764706 1;1 0.411764705882353 0.16078431372549;1 1 0.0666666666666667;0.717647058823529 0.274509803921569 1;0.392156862745098 0.831372549019608 0.0745098039215686;0.0588235294117647 1 1;1 0.0745098039215686 0.650980392156863])),extmgr.Configuration(&apos;Tools&apos;,&apos;Plot Navigation&apos;,true),extmgr.Configuration(&apos;Tools&apos;,&apos;Measurements&apos;,true,&apos;Version&apos;,&apos;2023a&apos;)),&apos;Version&apos;,&apos;2023a&apos;,&apos;Position&apos;,[810.333333333333 153.666666666667 560.666666666667 420])</P>
    <P Name="NumInputPorts">1</P>
    <P Name="Floating">off</P>
  </Block>
  <Block BlockType="Scope" Name="Scope4" SID="197">
    <PortCounts in="1"/>
    <P Name="Position">[280, 69, 310, 101]</P>
    <P Name="ZOrder">593</P>
    <P Name="ScopeSpecificationString">Simulink.scopes.TimeScopeBlockCfg(&apos;CurrentConfiguration&apos;, extmgr.ConfigurationSet(extmgr.Configuration(&apos;Core&apos;,&apos;General UI&apos;,true),extmgr.Configuration(&apos;Core&apos;,&apos;Source UI&apos;,true),extmgr.Configuration(&apos;Sources&apos;,&apos;WiredSimulink&apos;,true,&apos;DataLoggingVariableName&apos;,&apos;ScopeData1&apos;),extmgr.Configuration(&apos;Visuals&apos;,&apos;Time Domain&apos;,true,&apos;SerializedDisplays&apos;,{struct(&apos;MinYLimReal&apos;,&apos;0.9&apos;,&apos;MaxYLimReal&apos;,&apos;1.1&apos;,&apos;YLabelReal&apos;,&apos;&apos;,&apos;MinYLimMag&apos;,&apos;0.9&apos;,&apos;MaxYLimMag&apos;,&apos;1.1&apos;,&apos;LegendVisibility&apos;,&apos;off&apos;,&apos;XGrid&apos;,true,&apos;YGrid&apos;,true,&apos;PlotMagPhase&apos;,false,&apos;AxesColor&apos;,[0 0 0],&apos;AxesTickColor&apos;,[0.686274509803922 0.686274509803922 0.686274509803922],&apos;ColorOrder&apos;,[1 1 0.0666666666666667;0.0745098039215686 0.623529411764706 1;1 0.411764705882353 0.16078431372549;0.392156862745098 0.831372549019608 0.0745098039215686;0.717647058823529 0.274509803921569 1;0.0588235294117647 1 1;1 0.0745098039215686 0.650980392156863],&apos;Title&apos;,&apos;%&lt;SignalLabel&gt;&apos;,&apos;LinePropertiesCache&apos;,{{struct(&apos;Marker&apos;,&apos;o&apos;,&apos;MarkerSize&apos;,8)}},&apos;UserDefinedChannelNames&apos;,{{}},&apos;NumLines&apos;,1,&apos;LineNames&apos;,{{&apos;Constant&apos;}},&apos;ShowContent&apos;,true,&apos;Placement&apos;,1)},&apos;DisplayPropertyDefaults&apos;,struct(&apos;MinYLimReal&apos;,&apos;0.9&apos;,&apos;MaxYLimReal&apos;,&apos;1.1&apos;,&apos;YLabelReal&apos;,&apos;&apos;,&apos;MinYLimMag&apos;,&apos;0.9&apos;,&apos;MaxYLimMag&apos;,&apos;1.1&apos;,&apos;LegendVisibility&apos;,&apos;off&apos;,&apos;XGrid&apos;,true,&apos;YGrid&apos;,true,&apos;PlotMagPhase&apos;,false,&apos;AxesColor&apos;,[0 0 0],&apos;AxesTickColor&apos;,[0.686274509803922 0.686274509803922 0.686274509803922],&apos;ColorOrder&apos;,[0.0745098039215686 0.623529411764706 1;1 0.411764705882353 0.16078431372549;1 1 0.0666666666666667;0.717647058823529 0.274509803921569 1;0.392156862745098 0.831372549019608 0.0745098039215686;0.0588235294117647 1 1;1 0.0745098039215686 0.650980392156863])),extmgr.Configuration(&apos;Tools&apos;,&apos;Plot Navigation&apos;,true),extmgr.Configuration(&apos;Tools&apos;,&apos;Measurements&apos;,true,&apos;Version&apos;,&apos;2023a&apos;)),&apos;Version&apos;,&apos;2023a&apos;,&apos;Position&apos;,[573.333333333333 269.666666666667 560 420])</P>
    <P Name="NumInputPorts">1</P>
    <P Name="Floating">off</P>
  </Block>
  <Block BlockType="Selector" Name="Selector-x1" SID="73">
    <PortCounts in="1" out="1"/>
    <P Name="Position">[410, 356, 495, 434]</P>
    <P Name="ZOrder">559</P>
    <P Name="InputPortWidth">3</P>
    <P Name="IndexOptions">Index vector (dialog)</P>
    <P Name="Indices">[1]</P>
    <P Name="OutputSizes">1</P>
  </Block>
  <Block BlockType="Selector" Name="Selector-x2" SID="86">
    <PortCounts in="1" out="1"/>
    <P Name="Position">[1015, 231, 1100, 309]</P>
    <P Name="ZOrder">572</P>
    <P Name="InputPortWidth">3</P>
    <P Name="IndexOptions">Index vector (dialog)</P>
    <P Name="Indices">[1]</P>
    <P Name="OutputSizes">1</P>
  </Block>
  <Block BlockType="Selector" Name="Selector-x3" SID="89">
    <PortCounts in="1" out="1"/>
    <P Name="Position">[240, 181, 325, 259]</P>
    <P Name="ZOrder">575</P>
    <P Name="InputPortWidth">3</P>
    <P Name="IndexOptions">Index vector (dialog)</P>
    <P Name="Indices">[2]</P>
    <P Name="OutputSizes">1</P>
  </Block>
  <Block BlockType="SubSystem" Name="Simulink Function" SID="2">
    <PortCounts trigger="1"/>
    <P Name="Position">[350, 42, 575, 134]</P>
    <P Name="ZOrder">547</P>
    <P Name="TreatAsAtomicUnit">on</P>
    <P Name="ContentPreviewEnabled">on</P>
    <System Ref="system_2"/>
  </Block>
  <Block BlockType="SubSystem" Name="Simulink Function1" SID="27">
    <PortCounts trigger="1"/>
    <P Name="Position">[625, 37, 900, 134]</P>
    <P Name="ZOrder">548</P>
    <P Name="TreatAsAtomicUnit">on</P>
    <P Name="ContentPreviewEnabled">on</P>
    <System Ref="system_27"/>
  </Block>
  <Block BlockType="Sin" Name="Sine Wave" SID="94">
    <PortCounts out="1"/>
    <P Name="Position">[30, 255, 60, 285]</P>
    <P Name="ZOrder">580</P>
    <P Name="SampleTime">0.05</P>
  </Block>
  <Line>
    <P Name="ZOrder">4</P>
    <P Name="Src">67#out:1</P>
    <P Name="Dst">1#in:1</P>
  </Line>
  <Line>
    <P Name="ZOrder">8</P>
    <P Name="Src">73#out:1</P>
    <P Name="Points">[335, 0; 0, 35; 290, 0]</P>
    <Branch>
      <P Name="ZOrder">53</P>
      <P Name="Dst">186#in:2</P>
    </Branch>
    <Branch>
      <P Name="ZOrder">52</P>
      <P Name="Points">[0, 30]</P>
      <P Name="Dst">74#in:1</P>
    </Branch>
  </Line>
  <Line>
    <P Name="ZOrder">9</P>
    <P Name="Src">1#out:1</P>
    <P Name="Dst">86#in:1</P>
  </Line>
  <Line>
    <P Name="ZOrder">45</P>
    <P Name="Src">91#out:1</P>
    <P Name="Points">[13, 0; 0, 50]</P>
    <P Name="Dst">83#in:1</P>
  </Line>
  <Line>
    <P Name="ZOrder">41</P>
    <P Name="Src">93#out:1</P>
    <P Name="Dst">183#in:1</P>
  </Line>
  <Line>
    <P Name="ZOrder">40</P>
    <P Name="Src">92#out:1</P>
    <P Name="Dst">184#in:1</P>
  </Line>
  <Line>
    <P Name="ZOrder">24</P>
    <P Name="Src">86#out:1</P>
    <P Name="Points">[20, 0]</P>
    <Branch>
      <P Name="ZOrder">51</P>
      <P Name="Dst">186#in:1</P>
    </Branch>
    <Branch>
      <P Name="ZOrder">50</P>
      <P Name="Dst">75#in:1</P>
    </Branch>
  </Line>
  <Line>
    <P Name="ZOrder">34</P>
    <P Name="Src">83#out:1</P>
    <P Name="Points">[19, 0]</P>
    <Branch>
      <P Name="ZOrder">39</P>
      <P Name="Points">[99, 0; 0, 50]</P>
      <P Name="Dst">73#in:1</P>
    </Branch>
    <Branch>
      <P Name="ZOrder">38</P>
      <P Name="Points">[0, -56]</P>
      <Branch>
        <P Name="ZOrder">37</P>
        <P Name="Points">[79, 0; 0, -39]</P>
        <P Name="Dst">67#in:1</P>
      </Branch>
      <Branch>
        <P Name="ZOrder">36</P>
        <P Name="Points">[-63, 0; 0, -69]</P>
        <P Name="Dst">89#in:1</P>
      </Branch>
    </Branch>
  </Line>
  <Line>
    <P Name="ZOrder">35</P>
    <P Name="Src">89#out:1</P>
    <P Name="Dst">90#in:1</P>
  </Line>
  <Line>
    <P Name="ZOrder">46</P>
    <P Name="Src">94#out:1</P>
    <P Name="Dst">91#in:1</P>
  </Line>
  <Line>
    <P Name="ZOrder">47</P>
    <P Name="Src">183#out:1</P>
    <P Name="Dst">83#in:2</P>
  </Line>
  <Line>
    <P Name="ZOrder">48</P>
    <P Name="Src">184#out:1</P>
    <P Name="Points">[43, 0; 0, -25]</P>
    <P Name="Dst">83#in:3</P>
  </Line>
  <Line>
    <P Name="ZOrder">49</P>
    <P Name="Src">64#out:1</P>
    <P Name="Dst">67#in:2</P>
  </Line>
  <Line>
    <P Name="ZOrder">54</P>
    <P Name="Src">186#out:1</P>
    <P Name="Points">[23, 0; 0, -15]</P>
    <P Name="Dst">187#in:1</P>
  </Line>
  <Line>
    <P Name="ZOrder">73</P>
    <P Name="Src">196#out:1</P>
    <P Name="Dst">194#in:1</P>
  </Line>
  <Line>
    <P Name="ZOrder">75</P>
    <P Name="Src">195#out:1</P>
    <P Name="Dst">197#in:1</P>
  </Line>
</System>
