<?xml version="1.0" encoding="UTF-8"?>
<MF0 version="1.1" defaultPackage="slid" packageUris="http://schema.mathworks.com/mf0/slid/R2023a_20220628">
  <System type="System" uuid="8d768b5e-8c52-4307-bbab-27739fd50600">
    <Parameter type="Parameter" uuid="92570257-705a-449d-b6aa-36e5ead137ba">
      <Identifier>Ts</Identifier>
      <Name>Ts</Name>
    </Parameter>
    <Parameter type="Parameter" uuid="0395baf5-9195-4445-bb90-cadd3bad4d39">
      <Identifier>a</Identifier>
      <Name>a</Name>
    </Parameter>
    <Parameter type="Parameter" uuid="0b7cf3d7-15c1-4693-be42-a50b244e50a8">
      <Identifier>b</Identifier>
      <Name>b</Name>
    </Parameter>
    <Parameter type="Parameter" uuid="7ead72ba-1488-427f-b08b-f8c5833576d6">
      <Identifier>theta</Identifier>
      <Name>theta</Name>
    </Parameter>
    <Parameter type="Parameter" uuid="f2846419-4452-4aea-8438-8e65476e2be3">
      <Identifier>wf</Identifier>
      <Name>wf</Name>
    </Parameter>
    <Parameter type="Parameter" uuid="b551e5a4-794b-4861-ba7d-b8b3f97f069f">
      <Identifier>wr</Identifier>
      <Name>wr</Name>
    </Parameter>
    <Interface type="Interface" uuid="b6da1a39-06ab-4120-9f42-e3ea0919d517"/>
  </System>
</MF0>