<?xml version="1.0" encoding="UTF-8"?>
<MF0 version="1.1" packageUris="http://schema.mathworks.com/mf0/ci/19700101 http://schema.mathworks.com/mf0/sl_modelref_info/R2024a http://schema.mathworks.com/mf0/slexec_mm_sto/R2024a_202305081229 http://schema.mathworks.com/mf0/sltp_mm/R2023a_202209151115">
  <ModelRefInfoRepo.ModelRefInfoRoot type="ModelRefInfoRepo.ModelRefInfoRoot" uuid="9ba52a83-dbad-4871-8e64-39bfce0faff8">
    <JITEngines>sBbqPw0GkJfl4r1tfhb48YF</JITEngines>
    <JITEngines>sDTEGYcwqNjNOUIIZyYjU6G</JITEngines>
    <JITEngines>sDlFqAZJNAufI0YehOHaS8</JITEngines>
    <JITEngines>sEl0NvN89ahOZp0ozAO6YAG</JITEngines>
    <JITEngines>sGOmciZv0eO2mWBKCHjnQE</JITEngines>
    <JITEngines>sMpSwA0utDSeJOBv72Bn9FG</JITEngines>
    <JITEngines>skJvpM0U9Cc0WJP87pDBa6F</JITEngines>
    <JITEngines>skOPtTnjQXDANXXsPCtf6GC</JITEngines>
    <JITEngines>skd7dcoj3ekp3eFJu4nKqTC</JITEngines>
    <JITEngines>swYI9BvQIqvyrgcLaQTYE1G</JITEngines>
    <calibrationData type="ModelRefInfoRepo.CalibrationData" uuid="93c275fb-3aac-4582-bc5c-d086f64c4274">
      <ModelName>carsim_ekf_onlyfunction</ModelName>
    </calibrationData>
    <childModelRefInfo type="ModelRefInfoRepo.ChildModelRefInfo" uuid="e6b491f0-1f43-4a32-bc29-9e0dab61fee8">
      <modelName>carsim_ekf_onlyfunction</modelName>
      <modelPath>carsim_ekf_onlyfunction</modelPath>
    </childModelRefInfo>
    <compiledTFinal>inf</compiledTFinal>
    <dataSourceInfo type="ModelRefInfoRepo.DataSourceInfo" uuid="8250544e-8da5-4a91-ac76-5e4c8a8a49b4">
      <dataSources type="ModelRefInfoRepo.SourceInfo" uuid="3b224551-1d75-4111-90a0-a212a87dbb90">
        <includeAllSections>true</includeAllSections>
        <sourceName>base workspace</sourceName>
        <type>BaseWorkspace</type>
      </dataSources>
      <modelName>carsim_ekf_onlyfunction</modelName>
    </dataSourceInfo>
    <dataTransferInfos>AAFJTQAAAAAOAAAAOAAAAAYAAAAIAAAAAgAAAAAAAAAFAAAACAAAAAAAAAABAAAAAQAAAAAAAAAFAAQAAQAAAAEAAAAAAAAA</dataTransferInfos>
    <defaultsCMapping>{&quot;Inports&quot;:&quot;{\&quot;Name\&quot;:\&quot;Default\&quot;,\&quot;Checksum\&quot;:\&quot;Default\&quot;,\&quot;PerInstancePropertiesChecksum\&quot;:\&quot;\&quot;,\&quot;MemorySectionName\&quot;:\&quot;None\&quot;,\&quot;MemorySectionChecksum\&quot;:\&quot;None\&quot;}&quot;,&quot;Outports&quot;:&quot;{\&quot;Name\&quot;:\&quot;Default\&quot;,\&quot;Checksum\&quot;:\&quot;Default\&quot;,\&quot;PerInstancePropertiesChecksum\&quot;:\&quot;\&quot;,\&quot;MemorySectionName\&quot;:\&quot;None\&quot;,\&quot;MemorySectionChecksum\&quot;:\&quot;None\&quot;}&quot;,&quot;ParameterArguments&quot;:&quot;{\&quot;Name\&quot;:\&quot;Default\&quot;,\&quot;Checksum\&quot;:\&quot;Default\&quot;,\&quot;PerInstancePropertiesChecksum\&quot;:\&quot;\&quot;,\&quot;MemorySectionName\&quot;:\&quot;None\&quot;,\&quot;MemorySectionChecksum\&quot;:\&quot;None\&quot;}&quot;,&quot;LocalParameters&quot;:&quot;{\&quot;Name\&quot;:\&quot;Default\&quot;,\&quot;Checksum\&quot;:\&quot;Default\&quot;,\&quot;PerInstancePropertiesChecksum\&quot;:\&quot;\&quot;,\&quot;MemorySectionName\&quot;:\&quot;None\&quot;,\&quot;MemorySectionChecksum\&quot;:\&quot;None\&quot;}&quot;,&quot;GlobalParameters&quot;:&quot;{\&quot;Name\&quot;:\&quot;Default\&quot;,\&quot;Checksum\&quot;:\&quot;Default\&quot;,\&quot;PerInstancePropertiesChecksum\&quot;:\&quot;\&quot;,\&quot;MemorySectionName\&quot;:\&quot;None\&quot;,\&quot;MemorySectionChecksum\&quot;:\&quot;None\&quot;}&quot;,&quot;InternalData&quot;:&quot;{\&quot;Name\&quot;:\&quot;Default\&quot;,\&quot;Checksum\&quot;:\&quot;Default\&quot;,\&quot;PerInstancePropertiesChecksum\&quot;:\&quot;\&quot;,\&quot;MemorySectionName\&quot;:\&quot;None\&quot;,\&quot;MemorySectionChecksum\&quot;:\&quot;None\&quot;}&quot;,&quot;SharedLocalDataStores&quot;:&quot;{\&quot;Name\&quot;:\&quot;Default\&quot;,\&quot;Checksum\&quot;:\&quot;Default\&quot;,\&quot;PerInstancePropertiesChecksum\&quot;:\&quot;\&quot;,\&quot;MemorySectionName\&quot;:\&quot;None\&quot;,\&quot;MemorySectionChecksum\&quot;:\&quot;None\&quot;}&quot;,&quot;GlobalDataStores&quot;:&quot;{\&quot;Name\&quot;:\&quot;Default\&quot;,\&quot;Checksum\&quot;:\&quot;Default\&quot;,\&quot;PerInstancePropertiesChecksum\&quot;:\&quot;\&quot;,\&quot;MemorySectionName\&quot;:\&quot;None\&quot;,\&quot;MemorySectionChecksum\&quot;:\&quot;None\&quot;}&quot;,&quot;Constants&quot;:&quot;{\&quot;Name\&quot;:\&quot;Default\&quot;,\&quot;Checksum\&quot;:\&quot;Default\&quot;,\&quot;PerInstancePropertiesChecksum\&quot;:\&quot;\&quot;,\&quot;MemorySectionName\&quot;:\&quot;None\&quot;,\&quot;MemorySectionChecksum\&quot;:\&quot;None\&quot;}&quot;,&quot;DataTransfers&quot;:&quot;{\&quot;Name\&quot;:\&quot;Default\&quot;,\&quot;Checksum\&quot;:\&quot;Default\&quot;,\&quot;PerInstancePropertiesChecksum\&quot;:\&quot;\&quot;,\&quot;MemorySectionName\&quot;:\&quot;None\&quot;,\&quot;MemorySectionChecksum\&quot;:\&quot;None\&quot;}&quot;,&quot;ModelData&quot;:&quot;{\&quot;Name\&quot;:\&quot;Default\&quot;,\&quot;Checksum\&quot;:\&quot;Default\&quot;,\&quot;PerInstancePropertiesChecksum\&quot;:\&quot;\&quot;,\&quot;MemorySectionName\&quot;:\&quot;None\&quot;,\&quot;MemorySectionChecksum\&quot;:\&quot;None\&quot;}&quot;,&quot;InitializeTerminate&quot;:&quot;{\&quot;Name\&quot;:\&quot;Default\&quot;,\&quot;Checksum\&quot;:\&quot;Default\&quot;,\&quot;PerInstancePropertiesChecksum\&quot;:\&quot;\&quot;,\&quot;MemorySectionName\&quot;:\&quot;None\&quot;,\&quot;MemorySectionChecksum\&quot;:\&quot;None\&quot;}&quot;,&quot;Execution&quot;:&quot;{\&quot;Name\&quot;:\&quot;Default\&quot;,\&quot;Checksum\&quot;:\&quot;Default\&quot;,\&quot;PerInstancePropertiesChecksum\&quot;:\&quot;\&quot;,\&quot;MemorySectionName\&quot;:\&quot;None\&quot;,\&quot;MemorySectionChecksum\&quot;:\&quot;None\&quot;}&quot;,&quot;SharedUtility&quot;:&quot;{\&quot;Name\&quot;:\&quot;Default\&quot;,\&quot;Checksum\&quot;:\&quot;Default\&quot;,\&quot;PerInstancePropertiesChecksum\&quot;:\&quot;\&quot;,\&quot;MemorySectionName\&quot;:\&quot;None\&quot;,\&quot;MemorySectionChecksum\&quot;:\&quot;None\&quot;}&quot;}</defaultsCMapping>
    <fastestNoncontSigFeedingDerivPorts>-1.0</fastestNoncontSigFeedingDerivPorts>
    <hasBlockWithPeriodicDiscreteSampleTime>true</hasBlockWithPeriodicDiscreteSampleTime>
    <hasBwsAccessed>true</hasBwsAccessed>
    <hasContinuousSampleTime>true</hasContinuousSampleTime>
    <hasNonVirtualConstantTs>true</hasNonVirtualConstantTs>
    <hasStatesModifiedInOutputUpdate>true</hasStatesModifiedInOutputUpdate>
    <isBdInSimModeForSimCodegenVariants>false</isBdInSimModeForSimCodegenVariants>
    <isInlineParamsOn>true</isInlineParamsOn>
    <loggingSaveFormat>2</loggingSaveFormat>
    <maxFreqHz>-1.0</maxFreqHz>
    <needAbsoluteTimeDisallowInitPort>true</needAbsoluteTimeDisallowInitPort>
    <needsAbsoluteTime>true</needsAbsoluteTime>
    <numDataInputPorts>0</numDataInputPorts>
    <numLoggableJacobianDStates>0</numLoggableJacobianDStates>
    <removeResetFunc>true</removeResetFunc>
    <runtimeNonFcnCallRateInfos type="ModelRefInfoRepo.RateInfo">
      <compiled>true</compiled>
      <needAbsoluteTime>true</needAbsoluteTime>
      <period>0.0</period>
      <priority>40</priority>
      <rateIdx>0</rateIdx>
    </runtimeNonFcnCallRateInfos>
    <runtimeNonFcnCallRateInfos type="ModelRefInfoRepo.RateInfo">
      <compiled>true</compiled>
      <nonFcnCallPartitionName>Cont</nonFcnCallPartitionName>
      <period>.001</period>
      <priority>40</priority>
      <rateIdx>1</rateIdx>
    </runtimeNonFcnCallRateInfos>
    <runtimeNonFcnCallRateInfos type="ModelRefInfoRepo.RateInfo">
      <compiled>true</compiled>
      <nonFcnCallPartitionName>D2</nonFcnCallPartitionName>
      <period>.01</period>
      <priority>41</priority>
      <rateIdx>2</rateIdx>
    </runtimeNonFcnCallRateInfos>
    <sampleTimeInheritanceRule>2</sampleTimeInheritanceRule>
    <solverStatusFlags>335</solverStatusFlags>
    <timingAndTaskingRegistry>&lt;?xml version=&quot;1.0&quot;?&gt;
&lt;slexec_sto version=&quot;1.1&quot; packageUris=&quot;http://schema.mathworks.com/mf0/slexec_mm_sto/R2024a_202305081229&quot;&gt;
  &lt;sto.Registry type=&quot;sto.Registry&quot; uuid=&quot;28be0f5e-a364-4b11-8754-72e4605b4e75&quot;&gt;
    &lt;executionSpec&gt;Undetermined&lt;/executionSpec&gt;
    &lt;identifier&gt;carsim_ekf_onlyfunction&lt;/identifier&gt;
    &lt;clockRegistry type=&quot;sto.ClockRegistry&quot; uuid=&quot;61e8c182-4f5e-4fd2-917a-1eb6acf58de5&quot;&gt;
      &lt;clocks type=&quot;sto.Timer&quot; uuid=&quot;1e7db92e-c60e-4cfb-afe3-6986d1026a38&quot;&gt;
        &lt;computedFundamentalDiscretePeriod&gt;.001&lt;/computedFundamentalDiscretePeriod&gt;
        &lt;fastestDiscreteRate type=&quot;sto.ClassicPeriodicDiscreteRate&quot; uuid=&quot;e7168a36-1671-4de8-bcaf-7f4e3321dfe4&quot;/&gt;
        &lt;isDefaultTimer&gt;true&lt;/isDefaultTimer&gt;
        &lt;resolution&gt;.001&lt;/resolution&gt;
        &lt;timeAdvanceMode&gt;FixedStep&lt;/timeAdvanceMode&gt;
        &lt;identifier&gt;carsim_ekf_onlyfunction::defaultTimer&lt;/identifier&gt;
        &lt;rates type=&quot;sto.ContinuousRate&quot; uuid=&quot;c4be0eee-29e1-43e8-8cce-14bc6044698c&quot;&gt;
          &lt;annotation&gt;Cont&lt;/annotation&gt;
          &lt;clockId&gt;carsim_ekf_onlyfunction::defaultTimer&lt;/clockId&gt;
          &lt;colorIndex&gt;-1&lt;/colorIndex&gt;
          &lt;description&gt;Continuous&lt;/description&gt;
          &lt;taskId&gt;_task0&lt;/taskId&gt;
          &lt;rateSpec type=&quot;sto.RateSpec&quot; uuid=&quot;7d3f625b-0d47-450e-ae12-a68f53717cda&quot;/&gt;
        &lt;/rates&gt;
        &lt;rates type=&quot;sto.ClassicPeriodicDiscreteRate&quot; uuid=&quot;e7168a36-1671-4de8-bcaf-7f4e3321dfe4&quot;&gt;
          &lt;annotation&gt;D1&lt;/annotation&gt;
          &lt;clockId&gt;carsim_ekf_onlyfunction::defaultTimer&lt;/clockId&gt;
          &lt;description&gt;Discrete 1&lt;/description&gt;
          &lt;rateIdx&gt;1&lt;/rateIdx&gt;
          &lt;taskId&gt;_task0&lt;/taskId&gt;
          &lt;rateSpec type=&quot;sto.RateSpec&quot; uuid=&quot;a3bce813-ab4b-4a51-baf0-d4a1ca2e5515&quot;&gt;
            &lt;period&gt;.001&lt;/period&gt;
            &lt;rateType&gt;ClassicPeriodicDiscrete&lt;/rateType&gt;
          &lt;/rateSpec&gt;
        &lt;/rates&gt;
        &lt;rates type=&quot;sto.ClassicPeriodicDiscreteRate&quot; uuid=&quot;bc4cbde5-600e-491b-9018-24a373345a21&quot;&gt;
          &lt;annotation&gt;D2&lt;/annotation&gt;
          &lt;clockId&gt;carsim_ekf_onlyfunction::defaultTimer&lt;/clockId&gt;
          &lt;colorIndex&gt;1&lt;/colorIndex&gt;
          &lt;description&gt;Discrete 2&lt;/description&gt;
          &lt;rateIdx&gt;2&lt;/rateIdx&gt;
          &lt;taskId&gt;_task1&lt;/taskId&gt;
          &lt;rateSpec type=&quot;sto.RateSpec&quot; uuid=&quot;89dfef6e-8d80-44df-82a4-9642e1763941&quot;&gt;
            &lt;period&gt;.01&lt;/period&gt;
            &lt;rateType&gt;ClassicPeriodicDiscrete&lt;/rateType&gt;
          &lt;/rateSpec&gt;
        &lt;/rates&gt;
        &lt;baseRate type=&quot;sto.ContinuousRate&quot; uuid=&quot;11217b56-aae3-49ca-a530-7667b1444192&quot;&gt;
          &lt;annotation&gt;Cont&lt;/annotation&gt;
          &lt;clockId&gt;carsim_ekf_onlyfunction::defaultTimer&lt;/clockId&gt;
          &lt;colorIndex&gt;-1&lt;/colorIndex&gt;
          &lt;description&gt;Continuous&lt;/description&gt;
          &lt;taskId&gt;_task0&lt;/taskId&gt;
          &lt;rateSpec type=&quot;sto.RateSpec&quot; uuid=&quot;4b48c07b-3d15-428b-995b-cd5e36c22bcf&quot;/&gt;
        &lt;/baseRate&gt;
      &lt;/clocks&gt;
      &lt;clocks type=&quot;sto.Event&quot; uuid=&quot;ff30142e-7a85-47a8-bcdb-e7713b59ca7b&quot;&gt;
        &lt;eventType&gt;PARAMETER_CHANGE_EVENT&lt;/eventType&gt;
        &lt;cNum&gt;1&lt;/cNum&gt;
        &lt;clockType&gt;Event&lt;/clockType&gt;
        &lt;identifier&gt;ParameterChangeEvent&lt;/identifier&gt;
        &lt;rates type=&quot;sto.ModelWideEventRate&quot; uuid=&quot;1148e2ff-c878-45ac-90e1-ea0e22b0a92a&quot;&gt;
          &lt;clockId&gt;ParameterChangeEvent&lt;/clockId&gt;
          &lt;rateIdx&gt;-1&lt;/rateIdx&gt;
          &lt;taskId&gt;ModelWideParameterChangeEvent&lt;/taskId&gt;
          &lt;useForExecution&gt;NotForExecution&lt;/useForExecution&gt;
          &lt;rateSpec type=&quot;sto.RateSpec&quot; uuid=&quot;a43fb777-231d-4b28-a034-0c3527f400b7&quot;&gt;
            &lt;period&gt;inf&lt;/period&gt;
            &lt;rateType&gt;ModelWideParameterChangeEvent&lt;/rateType&gt;
          &lt;/rateSpec&gt;
        &lt;/rates&gt;
      &lt;/clocks&gt;
      &lt;timeAdvanceMode&gt;FixedStep&lt;/timeAdvanceMode&gt;
    &lt;/clockRegistry&gt;
    &lt;taskRegistry type=&quot;sto.TaskRegistry&quot; uuid=&quot;3ae9c47f-de0d-4da9-9e0f-30c96fcb0203&quot;&gt;
      &lt;rootTaskHierarchyElements type=&quot;sto.Task&quot; uuid=&quot;a97561d2-4178-426a-a09b-114e7d57feac&quot;&gt;
        &lt;isExplicit&gt;true&lt;/isExplicit&gt;
        &lt;rates type=&quot;sto.ModelWideEventRate&quot; uuid=&quot;9cc4da2c-5abc-4b91-9a71-d52d3d4a09c2&quot;&gt;
          &lt;clockId&gt;ParameterChangeEvent&lt;/clockId&gt;
          &lt;rateIdx&gt;-1&lt;/rateIdx&gt;
          &lt;taskId&gt;ModelWideParameterChangeEvent&lt;/taskId&gt;
          &lt;useForExecution&gt;NotForExecution&lt;/useForExecution&gt;
          &lt;rateSpec type=&quot;sto.RateSpec&quot; uuid=&quot;0dac4f71-165e-4410-a3a7-0d5b3ff7258d&quot;&gt;
            &lt;period&gt;inf&lt;/period&gt;
            &lt;rateType&gt;ModelWideParameterChangeEvent&lt;/rateType&gt;
          &lt;/rateSpec&gt;
        &lt;/rates&gt;
        &lt;schedulingClockId&gt;ParameterChangeEvent&lt;/schedulingClockId&gt;
        &lt;timeKeeperClockId&gt;carsim_ekf_onlyfunction::defaultTimer&lt;/timeKeeperClockId&gt;
        &lt;elementType&gt;Task&lt;/elementType&gt;
        &lt;identifier&gt;ModelWideParameterChangeEvent&lt;/identifier&gt;
        &lt;priority&gt;-1&lt;/priority&gt;
      &lt;/rootTaskHierarchyElements&gt;
      &lt;rootTaskHierarchyElements type=&quot;sto.Task&quot; uuid=&quot;df8526ad-57c4-4ce4-b640-2b64548dab28&quot;&gt;
        &lt;isExecutable&gt;true&lt;/isExecutable&gt;
        &lt;orderIndex&gt;1&lt;/orderIndex&gt;
        &lt;rates type=&quot;sto.ContinuousRate&quot; uuid=&quot;cf0ff85d-faa1-49fb-8dca-a8b555893873&quot;&gt;
          &lt;annotation&gt;Cont&lt;/annotation&gt;
          &lt;clockId&gt;carsim_ekf_onlyfunction::defaultTimer&lt;/clockId&gt;
          &lt;colorIndex&gt;-1&lt;/colorIndex&gt;
          &lt;description&gt;Continuous&lt;/description&gt;
          &lt;taskId&gt;_task0&lt;/taskId&gt;
          &lt;rateSpec type=&quot;sto.RateSpec&quot; uuid=&quot;5033443c-fd9c-4157-b6c4-d9597d58637a&quot;/&gt;
        &lt;/rates&gt;
        &lt;rates type=&quot;sto.ClassicPeriodicDiscreteRate&quot; uuid=&quot;545cfbee-0f7c-4f51-82af-834070aac8c5&quot;&gt;
          &lt;annotation&gt;D1&lt;/annotation&gt;
          &lt;clockId&gt;carsim_ekf_onlyfunction::defaultTimer&lt;/clockId&gt;
          &lt;description&gt;Discrete 1&lt;/description&gt;
          &lt;rateIdx&gt;1&lt;/rateIdx&gt;
          &lt;taskId&gt;_task0&lt;/taskId&gt;
          &lt;rateSpec type=&quot;sto.RateSpec&quot; uuid=&quot;8e2aec6c-f023-480c-9e57-a4d0223bc8ad&quot;&gt;
            &lt;period&gt;.001&lt;/period&gt;
            &lt;rateType&gt;ClassicPeriodicDiscrete&lt;/rateType&gt;
          &lt;/rateSpec&gt;
        &lt;/rates&gt;
        &lt;schedulingClockId&gt;carsim_ekf_onlyfunction::defaultTimer&lt;/schedulingClockId&gt;
        &lt;timeKeeperClockId&gt;carsim_ekf_onlyfunction::defaultTimer&lt;/timeKeeperClockId&gt;
        &lt;elementType&gt;Task&lt;/elementType&gt;
        &lt;identifier&gt;_task0&lt;/identifier&gt;
        &lt;priority&gt;40&lt;/priority&gt;
      &lt;/rootTaskHierarchyElements&gt;
      &lt;rootTaskHierarchyElements type=&quot;sto.Task&quot; uuid=&quot;07cec0d3-895a-4cb7-b520-20253e9aab9d&quot;&gt;
        &lt;isExecutable&gt;true&lt;/isExecutable&gt;
        &lt;orderIndex&gt;2&lt;/orderIndex&gt;
        &lt;rates type=&quot;sto.ClassicPeriodicDiscreteRate&quot; uuid=&quot;f5554c32-3f3b-48b5-8288-9197905f3c4b&quot;&gt;
          &lt;annotation&gt;D2&lt;/annotation&gt;
          &lt;clockId&gt;carsim_ekf_onlyfunction::defaultTimer&lt;/clockId&gt;
          &lt;colorIndex&gt;1&lt;/colorIndex&gt;
          &lt;description&gt;Discrete 2&lt;/description&gt;
          &lt;rateIdx&gt;2&lt;/rateIdx&gt;
          &lt;taskId&gt;_task1&lt;/taskId&gt;
          &lt;rateSpec type=&quot;sto.RateSpec&quot; uuid=&quot;2dacaded-458a-4976-8c4d-50600e17bf1b&quot;&gt;
            &lt;period&gt;.01&lt;/period&gt;
            &lt;rateType&gt;ClassicPeriodicDiscrete&lt;/rateType&gt;
          &lt;/rateSpec&gt;
        &lt;/rates&gt;
        &lt;schedulingClockId&gt;carsim_ekf_onlyfunction::defaultTimer&lt;/schedulingClockId&gt;
        &lt;tNum&gt;1&lt;/tNum&gt;
        &lt;timeKeeperClockId&gt;carsim_ekf_onlyfunction::defaultTimer&lt;/timeKeeperClockId&gt;
        &lt;elementType&gt;Task&lt;/elementType&gt;
        &lt;identifier&gt;_task1&lt;/identifier&gt;
        &lt;priority&gt;41&lt;/priority&gt;
      &lt;/rootTaskHierarchyElements&gt;
      &lt;taskDependencyGraph type=&quot;sto.SerializedTaskConnectionList&quot; uuid=&quot;4819bcab-9191-4cbb-a24c-9b034952628c&quot;&gt;
        &lt;clockIdentifier&gt;carsim_ekf_onlyfunction::defaultTimer&lt;/clockIdentifier&gt;
        &lt;taskIdentifier&gt;_task1&lt;/taskIdentifier&gt;
      &lt;/taskDependencyGraph&gt;
      &lt;taskDependencyGraph type=&quot;sto.SerializedTaskConnectionList&quot; uuid=&quot;ce04a7a8-94ce-45f9-8210-aa6d0fb0c9e5&quot;&gt;
        &lt;clockIdentifier&gt;carsim_ekf_onlyfunction::defaultTimer&lt;/clockIdentifier&gt;
        &lt;serializedConnectionProperties type=&quot;sto.SerializedConnectionProperties&quot; uuid=&quot;cdb9f604-7fd6-4178-b12d-d91b3b8e405c&quot;&gt;
          &lt;targetClockIdentifier&gt;carsim_ekf_onlyfunction::defaultTimer&lt;/targetClockIdentifier&gt;
          &lt;targetTaskIdentifier&gt;_task1&lt;/targetTaskIdentifier&gt;
        &lt;/serializedConnectionProperties&gt;
        &lt;taskIdentifier&gt;_task0&lt;/taskIdentifier&gt;
      &lt;/taskDependencyGraph&gt;
      &lt;taskDependencyGraph type=&quot;sto.SerializedTaskConnectionList&quot; uuid=&quot;b3f16a6e-796b-4b3b-9fba-f2101c580749&quot;&gt;
        &lt;clockIdentifier&gt;ParameterChangeEvent&lt;/clockIdentifier&gt;
        &lt;taskIdentifier&gt;ModelWideParameterChangeEvent&lt;/taskIdentifier&gt;
      &lt;/taskDependencyGraph&gt;
      &lt;taskPriorityDirection&gt;HighNumberLast&lt;/taskPriorityDirection&gt;
      &lt;taskingMode&gt;ClassicMultiTasking&lt;/taskingMode&gt;
    &lt;/taskRegistry&gt;
  &lt;/sto.Registry&gt;
&lt;/slexec_sto&gt;</timingAndTaskingRegistry>
    <zeroInternalMemoryAtStartupUnchecked>true</zeroInternalMemoryAtStartupUnchecked>
    <FMUBlockMap type="ModelRefInfoRepo.FMUBlockInfo" uuid="02682f77-db24-40cb-8562-5fae5dfa9d02"/>
    <codeGenInfo type="ModelRefInfoRepo.CodeGenInformation" uuid="4cc0133a-36fa-487b-8b0c-79a80cbb1a8d"/>
    <compiledVariantInfos type="ModelRefInfoRepo.CompiledVariantInfoMap" uuid="dc36ed14-353f-415d-a306-df25d89b563b"/>
    <configSettingsForConsistencyChecks type="ModelRefInfoRepo.ConfigSettingsForConsistencyChecks" uuid="34aaf44b-863d-4bbb-a4c7-041d86762e6a">
      <consistentOutportInitialization>true</consistentOutportInitialization>
      <fixedStepSize>.001</fixedStepSize>
      <frameDiagnosticSetting>2</frameDiagnosticSetting>
      <hasHybridSampleTime>true</hasHybridSampleTime>
      <isRateGrouped>true</isRateGrouped>
      <optimizedInitCode>true</optimizedInitCode>
      <signalLoggingSaveFormat>2</signalLoggingSaveFormat>
      <simSIMDOptimization>1</simSIMDOptimization>
      <solverMode>SOLVER_MODE_MULTITASKING</solverMode>
      <solverName>FixedStepDiscrete</solverName>
      <solverType>SOLVER_TYPE_FIXEDSTEP</solverType>
      <useDivForNetSlopComp>2</useDivForNetSlopComp>
      <hardwareSettings type="ModelRefInfoRepo.HardwareSettings" uuid="f63b0d19-c02c-4382-97cf-de7403b46538">
        <prodBitPerChar>8</prodBitPerChar>
        <prodBitPerDouble>64</prodBitPerDouble>
        <prodBitPerFloat>32</prodBitPerFloat>
        <prodBitPerInt>32</prodBitPerInt>
        <prodBitPerLong>32</prodBitPerLong>
        <prodBitPerLongLong>64</prodBitPerLongLong>
        <prodBitPerPointer>64</prodBitPerPointer>
        <prodBitPerPtrDiffT>64</prodBitPerPtrDiffT>
        <prodBitPerShort>16</prodBitPerShort>
        <prodBitPerSizeT>64</prodBitPerSizeT>
        <prodEndianess>1</prodEndianess>
        <prodLongLongMode>true</prodLongLongMode>
        <prodShiftRight>true</prodShiftRight>
        <prodWordSize>64</prodWordSize>
      </hardwareSettings>
    </configSettingsForConsistencyChecks>
    <controllableInputRatesMap type="ModelRefInfoRepo.VarTsUIDMap" uuid="ac2a5f12-216d-4b56-b977-e4ff609a2359"/>
    <controllableOutputRatesMap type="ModelRefInfoRepo.VarTsUIDMap" uuid="53370333-4f07-4478-87bf-c6ae677f4d5b"/>
    <dataPortGroup type="ModelRefInfoRepo.DataPortGroup" uuid="02e4764b-b2d4-4bb9-9722-405eaa06e127"/>
    <expFcnUnconnectedDataPortGroup type="ModelRefInfoRepo.DataPortGroup" uuid="f0c234b8-cafa-43a5-971c-e18fba87418a"/>
    <interfaceParameterInfo type="ModelRefInfoRepo.InterfaceParameterInfo" uuid="98579993-f732-4a76-a91d-653352e461c1"/>
    <messageInfo type="ModelRefInfoRepo.MessageInformation" uuid="99c1d806-fd74-478d-829e-0f8897c1d3ff"/>
    <methodInfo type="ModelRefInfoRepo.MethodExistenceInfo" uuid="5379e4b8-e0ec-434b-93dd-9f991a9e29d2"/>
    <periodicEventPortUnsupportedBlockInfo type="ModelRefInfoRepo.PeriodicEventPortUnsupportedBlockInfo" uuid="77e37c38-f4c7-44cd-982c-4019f9707552">
      <hasHiddenDeterministicRTB>true</hasHiddenDeterministicRTB>
      <multiRateBlocks>carsim_ekf_onlyfunction/Wheel covarience/Zero-Order Hold1</multiRateBlocks>
    </periodicEventPortUnsupportedBlockInfo>
    <portGroupsRequireSameRate type="ModelRefInfoRepo.PortGroupsRequireSameRate" uuid="8a2aec54-0a6e-4ff9-a8c2-5f886331b247">
      <DSMPortGroups type="ModelRefInfoRepo.NameToPortGroupIdxVectMap" uuid="9e384282-e288-46d2-882f-9c758200108e"/>
      <GlobalDSMPortGroups type="ModelRefInfoRepo.NameToPortGroupIdxVectMap" uuid="e18ee8a8-5bf3-48f8-9f0f-be19c12120d1"/>
      <mergedPortGroups type="ModelRefInfoRepo.NameToPortGroupIdxVectMap" uuid="167456b5-5566-4b8d-9104-d33269faaa74"/>
    </portGroupsRequireSameRate>
    <rateBasedMdlGlobalDSMRateSpec type="ModelRefInfoRepo.GlobalDSMRateSpecMap" uuid="a38b597d-8992-4444-8425-bf63db8cebfa"/>
    <rateSpecOfGlobalDSMAccessedByDescExpFcnMdlMap type="ModelRefInfoRepo.GlobalDSMRateSpecMap" uuid="84967d67-0ae6-467b-bc5a-63af25880f5e"/>
    <rootBlockDiagramInterface type="ci.Model" uuid="6786f255-399c-4783-b140-a5de85b2104b">
      <p_RootComponentInterface type="ci.ComponentInterface" uuid="72b7dd38-d5a4-4e9f-9333-3222433d21e2">
        <p_Name>carsim_ekf_onlyfunction</p_Name>
        <p_Type>ROOT</p_Type>
      </p_RootComponentInterface>
    </rootBlockDiagramInterface>
    <simulinkFunctions type="ModelRefInfoRepo.SimulinkFunctions" uuid="022af339-aae0-4866-9209-a7775003d0c9">
      <compFunctions type="ModelRefInfoRepo.CompFunction" uuid="26ff0585-59f3-4500-87a9-54569742e916">
        <CGFunctionName>MeasurmentFcn</CGFunctionName>
        <CGIsCalled>true</CGIsCalled>
        <callerBlocks>carsim_ekf_onlyfunction/Extended Kalman Filter/Correct1/MATLAB System</callerBlocks>
        <compDiscreteRates type="ModelRefInfoRepo.RateSpec" uuid="b1a10f0d-de39-4a2d-8491-2153c676099e">
          <period>.01</period>
        </compDiscreteRates>
        <compTIDs>2</compTIDs>
        <fcnBlkPath>carsim_ekf_onlyfunction/Simulink Function1</fcnBlkPath>
        <functionBlock>carsim_ekf_onlyfunction/Simulink Function1</functionBlock>
        <functionName>MeasurmentFcn</functionName>
        <irtBlockErrorReasonSet type="ModelRefInfoRepo.IRTBlockErrorReasonSet" uuid="7c937c92-f00f-4ee6-a532-07915865b9dd">
          <IRTErrorReason>12</IRTErrorReason>
          <blockHandle>640.00048828125</blockHandle>
        </irtBlockErrorReasonSet>
        <isDefined>true</isDefined>
        <refBlockPaths>carsim_ekf_onlyfunction/Extended Kalman Filter/Correct1/MATLAB System</refBlockPaths>
        <sourceModel>carsim_ekf_onlyfunction</sourceModel>
        <variantFunctionBlockPath>carsim_ekf_onlyfunction/Simulink Function1</variantFunctionBlockPath>
        <variantFunctionNetEMVCE type="ModelRefInfoRepo.VariantFunctionNetEMVCE" uuid="d759197e-1a36-47bb-b375-dfdded17f4be">
          <EMVCE>({true}_0)</EMVCE>
        </variantFunctionNetEMVCE>
        <visibility>Scoped Local</visibility>
        <fcnArgs type="ModelRefInfoRepo.CompFunctionArgs" uuid="c8583aec-f4e4-40d2-8913-0b91c9771978">
          <argIndexMap type="ModelRefInfoRepo.ArgIndexMap" uuid="8bf6218e-dbbd-4e09-852a-6362fe5b1169">
            <index>I0</index>
          </argIndexMap>
          <argIndexMap type="ModelRefInfoRepo.ArgIndexMap" uuid="1e94128e-aaf4-4481-a2bf-ca600c3aeb30">
            <index>I1</index>
            <position>1</position>
          </argIndexMap>
          <argIndexMap type="ModelRefInfoRepo.ArgIndexMap" uuid="e160a871-6d18-444e-849b-c2a005c9cecd">
            <index>O0</index>
            <position>2</position>
          </argIndexMap>
          <argNameMap type="ModelRefInfoRepo.ArgNameMap" uuid="71c98ec4-10e8-4208-8b36-0a6ef99ef891">
            <name>v</name>
            <position>1</position>
          </argNameMap>
          <argNameMap type="ModelRefInfoRepo.ArgNameMap" uuid="35087c43-443a-4681-a497-69fdb0558b99">
            <name>x</name>
          </argNameMap>
          <argNameMap type="ModelRefInfoRepo.ArgNameMap" uuid="4da1f190-bcfa-47cb-9896-7e25a591c5d8">
            <name>y</name>
            <position>2</position>
          </argNameMap>
          <inArgs type="ModelRefInfoRepo.CompFunctionArgInfo" uuid="233be9ef-41be-48a9-9a48-12e52af8177c">
            <dims>3</dims>
            <passByType>AUTO</passByType>
            <dataType type="ModelRefInfoRepo.CompDataType" uuid="247032e2-33b0-476c-baf7-8335de1d0c06">
              <dataClass>Numeric</dataClass>
              <dataTypeName>numerictype(&apos;double&apos;)</dataTypeName>
            </dataType>
          </inArgs>
          <inArgs type="ModelRefInfoRepo.CompFunctionArgInfo" uuid="e634f925-39d2-453c-9af1-1a120b4ccfac">
            <dims>4</dims>
            <passByType>AUTO</passByType>
            <dataType type="ModelRefInfoRepo.CompDataType" uuid="40dbfc4a-bc12-4daa-a2e4-052032693c54">
              <dataClass>Numeric</dataClass>
              <dataTypeName>numerictype(&apos;double&apos;)</dataTypeName>
            </dataType>
          </inArgs>
          <outArgs type="ModelRefInfoRepo.CompFunctionArgInfo" uuid="e17bf931-8bd2-4270-8593-f88c71c2f26b">
            <dims>4</dims>
            <passByType>AUTO</passByType>
            <dataType type="ModelRefInfoRepo.CompDataType" uuid="18884f40-57d0-4bed-8e82-9e8d0418c8ae">
              <dataClass>Numeric</dataClass>
              <dataTypeName>numerictype(&apos;double&apos;)</dataTypeName>
            </dataType>
          </outArgs>
          <returnArgIdx>-1</returnArgIdx>
        </fcnArgs>
        <fcnFpcArgs type="ModelRefInfoRepo.CompFunctionArgs" uuid="00903b32-2faf-4db6-9d8c-273d1b5b2d55">
          <argIndexMap type="ModelRefInfoRepo.ArgIndexMap" uuid="e8633334-2cd8-4f5f-96ad-a20a30998a80">
            <index>I0</index>
          </argIndexMap>
          <argIndexMap type="ModelRefInfoRepo.ArgIndexMap" uuid="1ee30cd4-e425-46e3-97c8-4aa1197c5008">
            <index>I1</index>
            <position>1</position>
          </argIndexMap>
          <argIndexMap type="ModelRefInfoRepo.ArgIndexMap" uuid="19ad4fb1-15e0-4188-8627-505e3c86c567">
            <index>O0</index>
            <position>2</position>
          </argIndexMap>
          <argNameMap type="ModelRefInfoRepo.ArgNameMap" uuid="fc645ea0-d6ae-40f1-949f-620d75278578">
            <name>v</name>
            <position>1</position>
          </argNameMap>
          <argNameMap type="ModelRefInfoRepo.ArgNameMap" uuid="4986abd5-4d67-42e7-ab38-79c15fa054a7">
            <name>x</name>
          </argNameMap>
          <argNameMap type="ModelRefInfoRepo.ArgNameMap" uuid="45b717f1-0c4d-4534-9c45-2289c915316f">
            <name>y</name>
            <position>2</position>
          </argNameMap>
          <inArgs type="ModelRefInfoRepo.CompFunctionArgInfo" uuid="bf55f18a-b30b-469c-8333-1f02b77e9035">
            <dims>3</dims>
            <passByType>AUTO</passByType>
            <dataType type="ModelRefInfoRepo.CompDataType" uuid="57c060f1-4c41-4301-a06a-d19d8a9c5b57">
              <dataClass>Numeric</dataClass>
              <dataTypeName>numerictype(&apos;double&apos;)</dataTypeName>
            </dataType>
          </inArgs>
          <inArgs type="ModelRefInfoRepo.CompFunctionArgInfo" uuid="2b77f823-ed00-4fbd-b2de-e7ab00582efa">
            <dims>4</dims>
            <passByType>AUTO</passByType>
            <dataType type="ModelRefInfoRepo.CompDataType" uuid="1700e8f6-7704-407d-b373-c1dd84f25443">
              <dataClass>Numeric</dataClass>
              <dataTypeName>numerictype(&apos;double&apos;)</dataTypeName>
            </dataType>
          </inArgs>
          <outArgs type="ModelRefInfoRepo.CompFunctionArgInfo" uuid="b4c0d793-47b8-4cd3-a5ea-21373551d439">
            <dims>4</dims>
            <passByType>AUTO</passByType>
            <dataType type="ModelRefInfoRepo.CompDataType" uuid="ec28f8a1-de63-4d16-ba2c-1f98014e9a44">
              <dataClass>Numeric</dataClass>
              <dataTypeName>numerictype(&apos;double&apos;)</dataTypeName>
            </dataType>
          </outArgs>
          <returnArgIdx>-1</returnArgIdx>
        </fcnFpcArgs>
      </compFunctions>
      <compFunctions type="ModelRefInfoRepo.CompFunction" uuid="096eca7c-b5fa-43d5-b0e6-a1c6030d21ac">
        <CGFunctionName>stateTransitionJacobianFcn</CGFunctionName>
        <CGIsCalled>true</CGIsCalled>
        <callerBlocks>carsim_ekf_onlyfunction/Extended Kalman Filter/Predict/MATLAB System</callerBlocks>
        <compDiscreteRates type="ModelRefInfoRepo.RateSpec" uuid="998ae0d0-8619-47bd-9fc7-266aa249d2e9">
          <period>.01</period>
        </compDiscreteRates>
        <compTIDs>2</compTIDs>
        <fcnBlkPath>carsim_ekf_onlyfunction/Simulink Function2</fcnBlkPath>
        <functionBlock>carsim_ekf_onlyfunction/Simulink Function2</functionBlock>
        <functionName>stateTransitionJacobianFcn</functionName>
        <isDefined>true</isDefined>
        <refBlockPaths>carsim_ekf_onlyfunction/Extended Kalman Filter/Predict/MATLAB System</refBlockPaths>
        <sourceModel>carsim_ekf_onlyfunction</sourceModel>
        <variantFunctionBlockPath>carsim_ekf_onlyfunction/Simulink Function2</variantFunctionBlockPath>
        <variantFunctionNetEMVCE type="ModelRefInfoRepo.VariantFunctionNetEMVCE" uuid="9700466d-f39c-4250-88fc-b65d24467da7">
          <EMVCE>({true}_0)</EMVCE>
        </variantFunctionNetEMVCE>
        <visibility>Scoped Local</visibility>
        <fcnArgs type="ModelRefInfoRepo.CompFunctionArgs" uuid="a12b4d74-74ca-4fa1-9490-d1bd7a30c6d1">
          <argIndexMap type="ModelRefInfoRepo.ArgIndexMap" uuid="6df6a6a4-23c6-4f1c-9bbe-6965a268d6f7">
            <index>I0</index>
          </argIndexMap>
          <argIndexMap type="ModelRefInfoRepo.ArgIndexMap" uuid="ced67824-874e-4bc6-8ff1-b45babaea4f1">
            <index>I1</index>
            <position>1</position>
          </argIndexMap>
          <argIndexMap type="ModelRefInfoRepo.ArgIndexMap" uuid="fbddff2d-04c0-4a86-9adc-332b6499b131">
            <index>O0</index>
            <position>2</position>
          </argIndexMap>
          <argIndexMap type="ModelRefInfoRepo.ArgIndexMap" uuid="798a773f-bbc0-435c-87c9-11cdd4286baf">
            <index>O1</index>
            <position>3</position>
          </argIndexMap>
          <argNameMap type="ModelRefInfoRepo.ArgNameMap" uuid="6f59e072-8fc2-486b-9f2a-1cf8957ae899">
            <name>A</name>
            <position>2</position>
          </argNameMap>
          <argNameMap type="ModelRefInfoRepo.ArgNameMap" uuid="d00843f0-cd37-4f10-a29a-5479bfc438b3">
            <name>G</name>
            <position>3</position>
          </argNameMap>
          <argNameMap type="ModelRefInfoRepo.ArgNameMap" uuid="b0a9ac1a-133c-4b2f-86ad-68ee7a29687f">
            <name>w</name>
            <position>1</position>
          </argNameMap>
          <argNameMap type="ModelRefInfoRepo.ArgNameMap" uuid="fe88362e-218e-4f84-a681-6b56b9e2c699">
            <name>x</name>
          </argNameMap>
          <inArgs type="ModelRefInfoRepo.CompFunctionArgInfo" uuid="88ac5222-a496-4b45-9846-863b80f31587">
            <dims>3</dims>
            <passByType>AUTO</passByType>
            <dataType type="ModelRefInfoRepo.CompDataType" uuid="ac3da245-1212-4fe9-97e3-78671913a54b">
              <dataClass>Numeric</dataClass>
              <dataTypeName>numerictype(&apos;double&apos;)</dataTypeName>
            </dataType>
          </inArgs>
          <inArgs type="ModelRefInfoRepo.CompFunctionArgInfo" uuid="2d61a979-17ad-4a35-915e-3ad0511c371b">
            <dims>3</dims>
            <passByType>AUTO</passByType>
            <dataType type="ModelRefInfoRepo.CompDataType" uuid="9cfeb4dd-b5b9-4c89-8a2d-2554b2c42aa7">
              <dataClass>Numeric</dataClass>
              <dataTypeName>numerictype(&apos;double&apos;)</dataTypeName>
            </dataType>
          </inArgs>
          <outArgs type="ModelRefInfoRepo.CompFunctionArgInfo" uuid="9a83dcf1-4990-4e88-941d-6cf24f04be2a">
            <dims>3</dims>
            <dims>3</dims>
            <passByType>AUTO</passByType>
            <dataType type="ModelRefInfoRepo.CompDataType" uuid="ebd6bb55-ce38-41cc-9de2-ced6b4b63fd8">
              <dataClass>Numeric</dataClass>
              <dataTypeName>numerictype(&apos;double&apos;)</dataTypeName>
            </dataType>
          </outArgs>
          <outArgs type="ModelRefInfoRepo.CompFunctionArgInfo" uuid="f73366d9-6c99-4ddb-9c58-0ec0d6449c61">
            <dims>3</dims>
            <dims>3</dims>
            <passByType>AUTO</passByType>
            <dataType type="ModelRefInfoRepo.CompDataType" uuid="fb21dc0e-c24a-434b-b5c2-d43390addbbd">
              <dataClass>Numeric</dataClass>
              <dataTypeName>numerictype(&apos;double&apos;)</dataTypeName>
            </dataType>
          </outArgs>
          <returnArgIdx>-1</returnArgIdx>
        </fcnArgs>
        <fcnFpcArgs type="ModelRefInfoRepo.CompFunctionArgs" uuid="0ae8cb1c-0630-4cb8-bec5-f7fcdeab0527">
          <argIndexMap type="ModelRefInfoRepo.ArgIndexMap" uuid="ebe14f06-485a-437c-8975-d4fbf6b97d2f">
            <index>I0</index>
          </argIndexMap>
          <argIndexMap type="ModelRefInfoRepo.ArgIndexMap" uuid="e643894f-c509-4e0d-a669-93fea8738f48">
            <index>I1</index>
            <position>1</position>
          </argIndexMap>
          <argIndexMap type="ModelRefInfoRepo.ArgIndexMap" uuid="99d71f2e-f990-483a-b9eb-99b2a4bf22b5">
            <index>O0</index>
            <position>2</position>
          </argIndexMap>
          <argIndexMap type="ModelRefInfoRepo.ArgIndexMap" uuid="2f3b838e-ee03-481d-9f1c-a1aae162bede">
            <index>O1</index>
            <position>3</position>
          </argIndexMap>
          <argNameMap type="ModelRefInfoRepo.ArgNameMap" uuid="096d8c87-f3d1-452e-b2bc-1502c5ea2faf">
            <name>A</name>
            <position>2</position>
          </argNameMap>
          <argNameMap type="ModelRefInfoRepo.ArgNameMap" uuid="46f57f2e-4505-459d-a6b4-e89ac187e8d0">
            <name>G</name>
            <position>3</position>
          </argNameMap>
          <argNameMap type="ModelRefInfoRepo.ArgNameMap" uuid="85a52dab-3cd3-46b9-8dbb-bf193777fd47">
            <name>w</name>
            <position>1</position>
          </argNameMap>
          <argNameMap type="ModelRefInfoRepo.ArgNameMap" uuid="a4075292-bed0-42fb-bc32-e9fa53bea092">
            <name>x</name>
          </argNameMap>
          <inArgs type="ModelRefInfoRepo.CompFunctionArgInfo" uuid="c4534e8a-09de-41f5-8bcc-54abe013c35a">
            <dims>3</dims>
            <passByType>AUTO</passByType>
            <dataType type="ModelRefInfoRepo.CompDataType" uuid="82dc1243-7275-41cd-8092-cf5b03182d38">
              <dataClass>Numeric</dataClass>
              <dataTypeName>numerictype(&apos;double&apos;)</dataTypeName>
            </dataType>
          </inArgs>
          <inArgs type="ModelRefInfoRepo.CompFunctionArgInfo" uuid="77c3f391-c0cd-44f2-a750-1e51a860867c">
            <dims>3</dims>
            <passByType>AUTO</passByType>
            <dataType type="ModelRefInfoRepo.CompDataType" uuid="209f49f0-6848-4b6d-ae82-5c8584bfb62d">
              <dataClass>Numeric</dataClass>
              <dataTypeName>numerictype(&apos;double&apos;)</dataTypeName>
            </dataType>
          </inArgs>
          <outArgs type="ModelRefInfoRepo.CompFunctionArgInfo" uuid="27086664-5a25-4cb1-9371-9e011c24085c">
            <dims>3</dims>
            <dims>3</dims>
            <passByType>AUTO</passByType>
            <dataType type="ModelRefInfoRepo.CompDataType" uuid="7b384ef6-8ba9-48f2-92b4-1b49db4dfe8c">
              <dataClass>Numeric</dataClass>
              <dataTypeName>numerictype(&apos;double&apos;)</dataTypeName>
            </dataType>
          </outArgs>
          <outArgs type="ModelRefInfoRepo.CompFunctionArgInfo" uuid="4f250c1d-dafa-47b5-a833-fefa44c20e56">
            <dims>3</dims>
            <dims>3</dims>
            <passByType>AUTO</passByType>
            <dataType type="ModelRefInfoRepo.CompDataType" uuid="85c7b3c7-b25f-4c3c-85ab-9bbfe0b0b99a">
              <dataClass>Numeric</dataClass>
              <dataTypeName>numerictype(&apos;double&apos;)</dataTypeName>
            </dataType>
          </outArgs>
          <returnArgIdx>-1</returnArgIdx>
        </fcnFpcArgs>
      </compFunctions>
      <compFunctions type="ModelRefInfoRepo.CompFunction" uuid="3f730191-fcd0-4f88-8439-b08fdbf9c15b">
        <CGFunctionName>stateTransitionFcn</CGFunctionName>
        <CGIsCalled>true</CGIsCalled>
        <callerBlocks>carsim_ekf_onlyfunction/Extended Kalman Filter/Predict/MATLAB System</callerBlocks>
        <compDiscreteRates type="ModelRefInfoRepo.RateSpec" uuid="9ffbff60-1930-4e45-9180-74c2ec2a1338">
          <period>.01</period>
        </compDiscreteRates>
        <compTIDs>2</compTIDs>
        <fcnBlkPath>carsim_ekf_onlyfunction/Simulink Function</fcnBlkPath>
        <functionBlock>carsim_ekf_onlyfunction/Simulink Function</functionBlock>
        <functionName>stateTransitionFcn</functionName>
        <irtBlockErrorReasonSet type="ModelRefInfoRepo.IRTBlockErrorReasonSet" uuid="3136fb66-6b18-45dd-949d-35c03eafb53f">
          <IRTErrorReason>12</IRTErrorReason>
          <blockHandle>482.0001220703125</blockHandle>
        </irtBlockErrorReasonSet>
        <isDefined>true</isDefined>
        <refBlockPaths>carsim_ekf_onlyfunction/Extended Kalman Filter/Predict/MATLAB System</refBlockPaths>
        <sourceModel>carsim_ekf_onlyfunction</sourceModel>
        <variantFunctionBlockPath>carsim_ekf_onlyfunction/Simulink Function</variantFunctionBlockPath>
        <variantFunctionNetEMVCE type="ModelRefInfoRepo.VariantFunctionNetEMVCE" uuid="31e4d7be-fa22-4228-b9e6-ce83efd3c214">
          <EMVCE>({true}_0)</EMVCE>
        </variantFunctionNetEMVCE>
        <visibility>Scoped Local</visibility>
        <fcnArgs type="ModelRefInfoRepo.CompFunctionArgs" uuid="c87d07d1-88ec-4485-ac99-1d954510d1fd">
          <argIndexMap type="ModelRefInfoRepo.ArgIndexMap" uuid="b61635f3-84ed-4d5a-8028-eedebd79b3bb">
            <index>I0</index>
          </argIndexMap>
          <argIndexMap type="ModelRefInfoRepo.ArgIndexMap" uuid="d1f1b361-05d9-4c50-9f20-ff373a3030a8">
            <index>I1</index>
            <position>1</position>
          </argIndexMap>
          <argIndexMap type="ModelRefInfoRepo.ArgIndexMap" uuid="349b882b-46aa-4abd-9079-defb5d26ce8f">
            <index>O0</index>
            <position>2</position>
          </argIndexMap>
          <argNameMap type="ModelRefInfoRepo.ArgNameMap" uuid="0b7e76c7-88b3-4f06-a1b3-8c2b7781a684">
            <name>w</name>
            <position>1</position>
          </argNameMap>
          <argNameMap type="ModelRefInfoRepo.ArgNameMap" uuid="4b589b7d-b0f1-42b3-87d4-02e4fb664280">
            <name>x</name>
          </argNameMap>
          <argNameMap type="ModelRefInfoRepo.ArgNameMap" uuid="107ec89c-70ca-470d-825c-e3a3323409e4">
            <name>xNext</name>
            <position>2</position>
          </argNameMap>
          <inArgs type="ModelRefInfoRepo.CompFunctionArgInfo" uuid="cd195f12-dd00-4467-a1d5-f02480bb756c">
            <dims>3</dims>
            <passByType>AUTO</passByType>
            <dataType type="ModelRefInfoRepo.CompDataType" uuid="84f74e7f-564d-4887-baa0-c0410884a0ef">
              <dataClass>Numeric</dataClass>
              <dataTypeName>numerictype(&apos;double&apos;)</dataTypeName>
            </dataType>
          </inArgs>
          <inArgs type="ModelRefInfoRepo.CompFunctionArgInfo" uuid="7a358c3a-7ccf-40c9-95b1-81c9a4930819">
            <dims>3</dims>
            <passByType>AUTO</passByType>
            <dataType type="ModelRefInfoRepo.CompDataType" uuid="7a414a3f-534d-4a20-9897-f64d77b57524">
              <dataClass>Numeric</dataClass>
              <dataTypeName>numerictype(&apos;double&apos;)</dataTypeName>
            </dataType>
          </inArgs>
          <outArgs type="ModelRefInfoRepo.CompFunctionArgInfo" uuid="9bf1c30e-387c-45a7-bf39-1fb7a05a358c">
            <dims>3</dims>
            <passByType>AUTO</passByType>
            <dataType type="ModelRefInfoRepo.CompDataType" uuid="6d4caff7-c8f7-4c3d-87d4-9002edcdd90d">
              <dataClass>Numeric</dataClass>
              <dataTypeName>numerictype(&apos;double&apos;)</dataTypeName>
            </dataType>
          </outArgs>
          <returnArgIdx>-1</returnArgIdx>
        </fcnArgs>
        <fcnFpcArgs type="ModelRefInfoRepo.CompFunctionArgs" uuid="66233840-13b7-452e-b8e1-a05f9ba0ac7f">
          <argIndexMap type="ModelRefInfoRepo.ArgIndexMap" uuid="95362f4e-0028-49b5-9930-45e8e4c29398">
            <index>I0</index>
          </argIndexMap>
          <argIndexMap type="ModelRefInfoRepo.ArgIndexMap" uuid="29e36a7f-9a56-4a78-8aa2-02699c4cd630">
            <index>I1</index>
            <position>1</position>
          </argIndexMap>
          <argIndexMap type="ModelRefInfoRepo.ArgIndexMap" uuid="12846c9b-84a3-4bb0-af38-b86353df3cf0">
            <index>O0</index>
            <position>2</position>
          </argIndexMap>
          <argNameMap type="ModelRefInfoRepo.ArgNameMap" uuid="99b16ec6-68a7-4006-8dec-5824beb1e8ed">
            <name>w</name>
            <position>1</position>
          </argNameMap>
          <argNameMap type="ModelRefInfoRepo.ArgNameMap" uuid="4401ba50-f101-4b2b-9b27-1a0107a4c189">
            <name>x</name>
          </argNameMap>
          <argNameMap type="ModelRefInfoRepo.ArgNameMap" uuid="2d64dc94-5571-4832-98a9-c35ba2369515">
            <name>xNext</name>
            <position>2</position>
          </argNameMap>
          <inArgs type="ModelRefInfoRepo.CompFunctionArgInfo" uuid="830c157f-8fd1-4414-b0a5-229da68a57fe">
            <dims>3</dims>
            <passByType>AUTO</passByType>
            <dataType type="ModelRefInfoRepo.CompDataType" uuid="3c32279b-87ac-461c-ad08-6f9fecbbd4f5">
              <dataClass>Numeric</dataClass>
              <dataTypeName>numerictype(&apos;double&apos;)</dataTypeName>
            </dataType>
          </inArgs>
          <inArgs type="ModelRefInfoRepo.CompFunctionArgInfo" uuid="688388fc-e962-4b91-a026-50e69d46511e">
            <dims>3</dims>
            <passByType>AUTO</passByType>
            <dataType type="ModelRefInfoRepo.CompDataType" uuid="8141be9e-9d72-48c3-9400-53b64aeb201f">
              <dataClass>Numeric</dataClass>
              <dataTypeName>numerictype(&apos;double&apos;)</dataTypeName>
            </dataType>
          </inArgs>
          <outArgs type="ModelRefInfoRepo.CompFunctionArgInfo" uuid="a018f352-2748-4b01-bd98-0f63c5bb27d6">
            <dims>3</dims>
            <passByType>AUTO</passByType>
            <dataType type="ModelRefInfoRepo.CompDataType" uuid="df126494-8dae-48c5-b95c-aa65a579a862">
              <dataClass>Numeric</dataClass>
              <dataTypeName>numerictype(&apos;double&apos;)</dataTypeName>
            </dataType>
          </outArgs>
          <returnArgIdx>-1</returnArgIdx>
        </fcnFpcArgs>
      </compFunctions>
      <compSimulinkFunctionCatalog></compSimulinkFunctionCatalog>
    </simulinkFunctions>
    <sltpContext type="sltp.mm.core.Context" uuid="9163d92d-0590-41fc-b13d-3bf36253804b">
      <priorityDirection>HighNumberLast</priorityDirection>
      <defaultEventBehavior type="sltp.mm.core.EventBehavior" uuid="20acfb17-c6b5-4a78-9c36-261814a06c6d"/>
      <editorState type="sltp.mm.core.EditorState" uuid="ef1cfea2-484a-420d-ae76-3d2ab30b0402">
        <isSynchronized>true</isSynchronized>
        <panelState type="sltp.mm.core.EditorPanelState" uuid="0bb34eb9-3f07-403c-a299-ffd7020be893"/>
      </editorState>
      <rootTask type="sltp.mm.core.Task" uuid="59365742-cebd-49a8-88f4-2a1a60c73799">
        <context type="sltp.mm.core.Context" uuid="9163d92d-0590-41fc-b13d-3bf36253804b"/>
        <explicit>false</explicit>
        <name>Default</name>
        <priority>-2147483648</priority>
        <subgraph type="sltp.mm.core.Graph" uuid="8211f6f3-6456-4fdd-9fdd-6db8c05fb759">
          <connections type="sltp.mm.core.Connection" uuid="21c0c113-e942-417b-9272-207702c5d36e">
            <dst type="sltp.mm.core.Task" uuid="e2d4898e-aedc-4514-a839-c236b8d3bbf9"/>
            <src type="sltp.mm.core.Task" uuid="33cdbfa1-925e-41ba-b003-cc65044cdc5b"/>
          </connections>
          <tasks type="sltp.mm.core.Task" uuid="33cdbfa1-925e-41ba-b003-cc65044cdc5b">
            <baseTask>true</baseTask>
            <context type="sltp.mm.core.Context" uuid="9163d92d-0590-41fc-b13d-3bf36253804b"/>
            <explicit>false</explicit>
            <id>2</id>
            <isTimed>true</isTimed>
            <name>Cont</name>
            <outConnections type="sltp.mm.core.Connection" uuid="21c0c113-e942-417b-9272-207702c5d36e"/>
            <priority>40</priority>
            <rates type="sltp.mm.core.Rate" uuid="204a2dd8-ab38-48a3-8639-c0b8c49636ce">
              <annotation>Cont</annotation>
              <color>255</color>
              <hasBlocks>true</hasBlocks>
              <identifier>Continuous00</identifier>
              <rateIndex>0</rateIndex>
              <rateSpec type="sltp.mm.core.RateSpec">
                <period>0.0</period>
              </rateSpec>
              <sti>0</sti>
            </rates>
            <rates type="sltp.mm.core.Rate" uuid="3e509116-b465-4346-b125-65ce6743863e">
              <annotation>D1</annotation>
              <color>-12240129</color>
              <hasBlocks>true</hasBlocks>
              <rateIndex>1</rateIndex>
              <rateSpec type="sltp.mm.core.RateSpec">
                <period>.001</period>
              </rateSpec>
              <sti>1</sti>
            </rates>
          </tasks>
          <tasks type="sltp.mm.core.Task" uuid="e2d4898e-aedc-4514-a839-c236b8d3bbf9">
            <context type="sltp.mm.core.Context" uuid="9163d92d-0590-41fc-b13d-3bf36253804b"/>
            <explicit>false</explicit>
            <id>1</id>
            <inConnections type="sltp.mm.core.Connection" uuid="21c0c113-e942-417b-9272-207702c5d36e"/>
            <isTimed>true</isTimed>
            <name>D2</name>
            <priority>41</priority>
            <rates type="sltp.mm.core.Rate" uuid="50ecb4a2-86fb-4a8d-aa36-574e63bfe505">
              <annotation>D2</annotation>
              <color>986198527</color>
              <identifier>ClassicPeriodicDiscrete0.010</identifier>
              <rateIndex>2</rateIndex>
              <rateSpec type="sltp.mm.core.RateSpec">
                <period>.01</period>
              </rateSpec>
              <sti>2</sti>
            </rates>
          </tasks>
        </subgraph>
      </rootTask>
    </sltpContext>
    <stateWriterToOwnerMap type="ModelRefInfoRepo.StateWriterInfo" uuid="43ce8c56-be3d-4d73-bdd9-1346492a264b"/>
    <stoClientDataRegistry type="sto.ClientDataRegistry" uuid="2301e0bb-fac5-4acd-965c-90fd66c90a08">
      <dataSets type="sto.ClientClockNamedDataSet" uuid="64a91f9d-1d0e-4d6a-860b-4fd4278d563c">
        <tag>sltpEvents</tag>
      </dataSets>
      <dataSets type="sto.ClientTaskHierarchyElementNamedDataSet" uuid="de6bae60-4c6d-48e3-a02c-232215340b07">
        <tag>sltpTaskGroups</tag>
      </dataSets>
      <dataSets type="sto.ClientTaskHierarchyElementNamedDataSet" uuid="4f05b303-20da-47f2-a5b9-e4ce44010fd6">
        <dSet type="ModelRefInfoRepo.SltpTaskData" uuid="c7c43206-7a16-4845-84ce-33dc08a2e2d2"/>
        <dSet type="ModelRefInfoRepo.SltpTaskData" uuid="ed22b3ed-e0b4-43e5-825e-f79af8bd5b47"/>
        <tSet type="ModelRefInfoRepo.SltpTaskData" uuid="c7c43206-7a16-4845-84ce-33dc08a2e2d2">
          <dataName>Cont</dataName>
          <linkedSet type="sto.ClientTaskHierarchyElementNamedDataSet" uuid="4f05b303-20da-47f2-a5b9-e4ce44010fd6"/>
          <id type="sto.TaskHierarchyElementId">
            <clockId>carsim_ekf_onlyfunction::defaultTimer</clockId>
            <id>_task0</id>
          </id>
        </tSet>
        <tSet type="ModelRefInfoRepo.SltpTaskData" uuid="ed22b3ed-e0b4-43e5-825e-f79af8bd5b47">
          <dataName>D2</dataName>
          <linkedSet type="sto.ClientTaskHierarchyElementNamedDataSet" uuid="4f05b303-20da-47f2-a5b9-e4ce44010fd6"/>
          <id type="sto.TaskHierarchyElementId">
            <clockId>carsim_ekf_onlyfunction::defaultTimer</clockId>
            <id>_task1</id>
          </id>
        </tSet>
        <tag>sltpTasks</tag>
      </dataSets>
    </stoClientDataRegistry>
    <varTsUIDMap type="ModelRefInfoRepo.VarTsUIDMap" uuid="3a1c27f8-d2e0-4e96-af5e-b1deb0c5d1d7"/>
  </ModelRefInfoRepo.ModelRefInfoRoot>
</MF0>